tpl_uuid,repo_url
0efd1d566d8a4fe797b78907853b93ad,git://anongit.freedesktop.org/git/libreoffice/cppunit
62e40086f69646daaf80c7a4fb4dae2f,git://git.kernel.org/pub/scm/bluetooth/bluez.git
55e26ce5588e49dc9cbbb5c02071e1b6,git://git.kernel.org/pub/scm/bluetooth/sbc.git
8dc8ab9d770240c3818a4fa3ec1a81e4,git://git.kernel.org/pub/scm/fs/ext2/e2fsprogs
b25d4841be344c84bc35dc3670017784,git://git.kernel.org/pub/scm/fs/xfs/xfsprogs-dev.git
a9ea0f9a51984eafbacfa7e97316d351,git://git.kernel.org/pub/scm/linux/kernel/git/dwmw2/linux-firmware.git
cb77bf88377d4cdf9b62b1e6bc327b6a,git://git.kernel.org/pub/scm/linux/kernel/git/rostedt/trace-cmd
6833f5fe69f04b7782b17f9a8f6b55af,git://git.osmocom.org/libosmocore
444e1d3716a2445a9c281f642ced1d5e,git://git.samba.org/samba.git
cb57b7d93e754e3883349566dd73bb45,git://git.savannah.gnu.org/bash.git
6369a409db644a00bec99af001e99b34,git://git.savannah.gnu.org/gsasl.git
83637811ecfc46a283636793e3c2c248,git://git.savannah.gnu.org/readline.git
0fc31b52382b40f89c5ede75ab06405b,git://git.sv.gnu.org/gawk.git
b126daf5552a4d569d045236c5db8846,git://git.sv.gnu.org/libsigsegv.git
173a012d52e040329f945666500cbf46,git://liblo.git.sourceforge.net/gitroot/liblo/liblo
0d44092b9a2a4f6290423443a85f2dbd,git://repo.or.cz/a2jmidid.git
a75fcc5ea4ad4f76861b1284cc1ef572,git://repo.or.cz/isl.git
2b05e32492ca428f91f08d7cb5254afc,git://repo.or.cz/tinycc.git
a52fdc48fe73431ea22abbf1a86136fc,git://sourceware.org/git/binutils-gdb.git
fabfa23564594b79b0b679142ddc3ce4,git://sourceware.org/git/elfutils.git
75b00f6cce214d2daaf8ab54ed705806,git://sourceware.org/git/glibc.git
1cda5bd3243b4093a79d6a774b4206ac,git://sourceware.org/git/valgrind.git
6e9d2e1055b6438dbc1e0566ca55f3df,git://thekelleys.org.uk/dnsmasq.git
813393ccdf584628a434462e030bc55a,git://www.ginac.de/ginac.git
5f126517f0704ad3af82a8ddda40b64b,git://yap.git.sourceforge.net/gitroot/yap/yap-6.3
5ec4c49652214ecab51f3d8bd73c8831,https://anongit.freedesktop.org/git/cairo
a9b911066d2944b99d6c635d2d23e8a7,https://bitbucket.org/libqxt/libqxt.git
462337b02f054d66b02c50537364f082,https://bitbucket.org/odedevs/ode.git
bc5d9949ff704bb5ba1e110fdeae2887,https://code.videolan.org/videolan/libdvdnav.git
ee57e51ced534b89b24c4444dcf86273,https://code.videolan.org/videolan/libdvdread.git
a5dec1d79cf24bd3903745ddbf6191c3,https://git.libssh.org/projects/libssh.git
11020510d9a747ab8ab1c42eebc9d25a,https://github.com/2ndQuadrant/bdr.git
a726610a9f574465b90b0adbdb8f5062,https://github.com/aardappel/lobster.git
72f8ff11235a46bcb567447d780e1d09,https://github.com/abcminiuser/lufa.git
056c430c15ba412db2b5b1451732a274,https://github.com/abseil/abseil-cpp.git
555d90d9f3004f5f9d20e1f7aad6b5e7,https://github.com/AcademySoftwareFoundation/openexr.git
c8d474f6471444dd8c55ed47d381fc44,https://github.com/acado/acado.git
5bb9a09d24404ad78dddf98fc9481dfd,https://github.com/acassen/keepalived.git
212a41ff580b4b29a8345d0c89064622,https://github.com/acoustid/chromaprint.git
341573e6c6b8446bb74f5428f444588b,https://github.com/adafruit/Adafruit-GFX-Library.git
429544fe2ee34cf6b0a8f294a48b8a98,https://github.com/adamdunkels/uip.git
ca6a87997adb433dac0198220f1dbe95,https://github.com/admesh/admesh.git
fce12de087ff48838e85b06967769890,https://github.com/adplug/adplug.git
759fe379ee2e4d93aae2c50b0c0ebf89,https://github.com/Aegisub/Aegisub.git
9d7ed7aec0a4407b8f48cadedbb8ef40,https://github.com/Aircoookie/Espalexa.git
f2e4209de4d6445c873cde81304bfd21,https://github.com/akheron/jansson.git
63ab2e2bda6240aabe00a3a8e73fb603,https://github.com/akospasztor/stm32-bootloader.git
4fe7310e5d21411fa709bf1d529590dd,https://github.com/albertodemichelis/squirrel.git
69e2310c57dc4b7d8da47c169f8c104f,https://github.com/alembic/alembic.git
65e03facb70740e98842312fed0d20a5,https://github.com/alexa/avs-device-sdk.git
cab16611eb9f4d7786cc2c5c511f9887,https://github.com/alibaba/MNN.git
6b47d85d844d42eba812ac89bce502a0,https://github.com/aliyun/iotkit-embedded.git
9511f798828345bdba79c97f0c436711,https://github.com/ambrop72/badvpn.git
c01ab836fe874d47aff83259519a63ac,https://github.com/AmokHuginnsson/replxx.git
85ed4e8d48b04058bd23a2f1a4b081f7,https://github.com/amrayn/easyloggingpp.git
2155b0167f8f4d829f6d11f03147b5dc,https://github.com/andlabs/libui.git
186713d0466147e9bd4f4c50b0fcb46c,https://github.com/anestisb/android-simg2img.git
eaea40c1212144a3976e56334bc1df88,https://github.com/anrieff/libcpuid.git
6444dafb09f541828bec9f242f2add16,https://github.com/antlr/antlr4.git
0b8ee8236a4a485899c616d2ca2687ed,https://github.com/aosp-mirror/platform_system_core.git
54ee16b688064411907d094932f27764,https://github.com/apache/apr-util.git
c42a97cc3d11484bbd169bba42f18043,https://github.com/apache/apr.git
28e1c24139d0496abb4e5ec5f27fa52e,https://github.com/apache/httpd.git
7bb072f1944d492589d38dabda9c9b4f,https://github.com/apache/incubator-nuttx.git
0447dae4a1b949bdaf58bd8685142d64,https://github.com/apache/kudu.git
a949b22ce6c64a4c859ba6d5a5b6f78d,https://github.com/apache/mynewt-nimble.git
e45487ea114d4d879f2f202a7f063d69,https://github.com/apache/spamassassin.git
b993ea4a670642c2ab970079d131057a,https://github.com/apache/subversion.git
53d22bec04d847dfad16647d4a8b6d40,https://github.com/apache/thrift.git
62809085432e4dbc8f85007caebe5355,https://github.com/apache/zookeeper.git
7f00e037b7f94e2b86b7d5024bd401bd,https://github.com/apple/cups.git
614a8c3f2b9e4e52a21011af3dd852f7,https://github.com/apple/swift.git
f9cc17b34fd34fa5b7e0375c65644eef,https://github.com/AprilRobotics/apriltag.git
e545c5616c20414cb8c05160a9f40f40,https://github.com/aquynh/capstone.git
68f69f209a9443e28ea86b1a8d393b32,https://github.com/ArcticaProject/vcxsrv.git
89921def121b431ea73a93ab33797bfd,https://github.com/ARM-software/CMSIS-FreeRTOS.git
afc3a9160274403b8bdb541d883d43c4,https://github.com/ARM-software/CMSIS.git
8fcfda808e7e482b878262bd0dd6620d,https://github.com/armink/FreeModbus_Slave-Master-RTT-STM32.git
218ef93e6cc84eb7b20e7a7610c61266,https://github.com/ARMmbed/mbedtls.git
e7324e720e284ccf9d25ca2f23d54936,https://github.com/ArtifexSoftware/jbig2dec.git
f28bb2c4ef4f46e8a878529d2220d345,https://github.com/ArtifexSoftware/mupdf.git
52a456f1d32546f4a2ab1bb9203e91ea,https://github.com/arut/nginx-ts-module.git
eaafdcf0640d49ce9fd40ae62c191841,https://github.com/arvidn/libtorrent.git
5909605e25c342a28409bad7c7941082,https://github.com/arximboldi/immer.git
da96ce0bdcd44845a602dec1bf971e14,https://github.com/assimp/assimp.git
54226c4ae0f94f7887cfd84fd47432d2,https://github.com/asterisk/asterisk.git
8d5464f1ef674b9ab30bc3f5758f0d33,https://github.com/atari800/atari800.git
e1498d3863994c21a8ba5f8e59ccfd8a,https://github.com/atheme/libmowgli-2.git
e7d94eda5a544c2899434ef1e2aa7c4d,https://github.com/atomicobject/heatshrink.git
e81fdf4bcd5d404fa419e071dda15946,https://github.com/att/ast.git
3c95306490104d528372d2937a577228,https://github.com/attractivechaos/klib.git
77fa0193327e4a7aa21340e85d837314,https://github.com/aubio/aubio.git
f84c385c207f485f856317fdf2b8913b,https://github.com/audacity/audacity.git
db88f97bfe11408d92578e69f2f68259,https://github.com/autotools-mirror/libtool.git
99aaa2457f4d454fb635df6600e3741e,https://github.com/Avamander/arduino-tvout.git
3db770429de4490d942bc878848a4214,https://github.com/avast/retdec.git
9adb01d75c8245b8ac0f074553268dd2,https://github.com/aws/aws-iot-device-sdk-embedded-C.git
33d7c3d0506046ce80366b0bde7fa03f,https://github.com/aws/aws-sdk-cpp.git
bbb98860fee9498b920bd2975f36502d,https://github.com/axiomatic-systems/Bento4.git
0bb16e96fdd04c94a98a7edeb7381282,https://github.com/Axosoft/nsfw.git
99f76a74537b4ec79eea7b557500d06e,https://github.com/azadkuh/qhttp.git
c6249ffa085840fbba96efd8a1c2d5c6,https://github.com/azure-rtos/threadx.git
a9c243eee54c4914a3ad383e69c44652,https://github.com/Azure/azure-iot-sdk-c.git
b2ba5e833e9d4ea283b940819812809f,https://github.com/babelouest/ulfius.git
e2d0fcc4c5e54346a5eac56b2d8a8af9,https://github.com/balp/DevIL.git
1fadc1ae1deb4c37ab551f30e1a7fe4e,https://github.com/bbidulock/xdm.git
aea0735fc9544ed08ca14dc215a15c08,https://github.com/bblanchon/ArduinoJson.git
77e2bced869045f4890bcf539653754f,https://github.com/Beep6581/RawTherapee.git
7747aa09dbcf4db2b1f1afd2e02cd6cb,https://github.com/beltoforion/muparser.git
dc24d26c13e641f2993e5e1df7820ba7,https://github.com/benhoyt/inih.git
b0b79cd6844f4731a3991acf78775e79,https://github.com/bgrimstad/splinter.git
46eca8c376b74fb996d64eb24bb483b9,https://github.com/bilibili/ijkplayer.git
07bf1cf51fb4489f8929ac3c78c20a68,https://github.com/BinomialLLC/basis_universal.git
e40d7b08c97748f79d955d8fa034965a,https://github.com/bitcoin/bitcoin.git
1160e2bcf6c443c3ab57f53aa2f9ed18,https://github.com/bitrig/bitrig.git
ee1e554ba19c49ec94480dc6ced48281,https://github.com/BLAKE2/BLAKE2.git
4c7ebaa88a4b4f9eb807a4e7de47702a,https://github.com/blender/blender.git
daac85be1bb241daa9c1c2e689eea708,https://github.com/blitzpp/blitz.git
4e8a3b64ff2a4ba99f4cb84bd94c1709,https://github.com/Blosc/c-blosc.git
c5953812edc0442faa3f21e9e994534c,https://github.com/bminor/binutils-gdb.git
0361fc445174478cb6010b3d1e6bfbdd,https://github.com/bminor/newlib.git
fbe099806bdf4bf192729c4b53d683ad,https://github.com/Bodmer/TFT_eSPI.git
28368b3c477442659dbe611ca513bcef,https://github.com/bombela/backward-cpp.git
a7548772c21c4380a7853d7df9a1a306,https://github.com/boost-ext/di.git
90f8e3c0831f4aeab000d7fc7f3f24ae,https://github.com/boostorg/beast.git
96affc1892a1407f9440421019d47afc,https://github.com/boostorg/boost.git
e3a76434207b405599972f7529fc349f,https://github.com/boostorg/compute.git
52ebad25f7f042c5b438509c1867d924,https://github.com/boostorg/fiber.git
9c32481c2ee843b2832d34aeb01de85a,https://github.com/boostorg/geometry.git
0cfef0c1b26d4ff6a35f0487475babda,https://github.com/boostorg/hana.git
fcb67cbe277e4bdfbccc8f368c105e4e,https://github.com/boostorg/histogram.git
70edf1bccee34af1af7c5905934fdaee,https://github.com/boostorg/hof.git
80238ed129384cbfaba6e2741c328616,https://github.com/boostorg/python.git
522a7aff0b36418f8af4e54be1fc7dc0,https://github.com/boostorg/spirit.git
e0cca6987fd54327851a7037733a0fd9,https://github.com/boostorg/stacktrace.git
0757bfc3057a4acc9bab8dc27739a3ff,https://github.com/bro/binpac.git
14d3b5fe4fc641c9877fad0ae8e654c5,https://github.com/bulletphysics/bullet3.git
d0a793ce42414f96a450cec9ced17700,https://github.com/BVLC/caffe.git
c064cb145c5c4a5e982bfee2374a559d,https://github.com/bwalex/tc-play.git
751387e038674d7bb51e0928f79840db,https://github.com/byhook/ffmpeg4android.git
8da97bd0057544149af199cb503dc9b4,https://github.com/bytefish/libfacerec.git
4c6da5ba712a4ee796f2a6792c806484,https://github.com/BYVoid/OpenCC.git
eeaf84769fbb4dff8f93efd85a1fe8d2,https://github.com/BYVoid/uchardet.git
80b21dd2bbb94f97ac24d46569b9adf2,https://github.com/c-ares/c-ares.git
fe3f2f653872462099195fa98c0d6071,https://github.com/calf-studio-gear/calf.git
12945ad4d23241109e15fa2af327658b,https://github.com/cameron314/concurrentqueue.git
56a57f1df17040bdbc56618218de7f56,https://github.com/cameron314/readerwriterqueue.git
4a7c54be708343d3aca34140237d7eb8,https://github.com/capnproto/capnproto.git
dc143ab5bedd496e8554538300fda899,https://github.com/catchorg/Catch2.git
7cf172d5c4b942429a721170fae3528d,https://github.com/ccache/ccache.git
b578a210ab4043648276d965da270dcd,https://github.com/ccMSC/ckb.git
708fb0e97e1846eda53cd8f17f044f27,https://github.com/ccxvii/mujs.git
4de4dc33ee634cebbeee5f3d914c879b,https://github.com/ceph/ceph.git
d9688e991c3041e98fb0ff2b50f2ff68,https://github.com/ceres-solver/ceres-solver.git
8f2b9d584f794a4d9ae2c38da3949ae3,https://github.com/cesanta/mongoose-os.git
3608969c449945c68db06d709ea8e2a9,https://github.com/cesanta/mongoose.git
fe4e0248f26744aeae8b1718ae2fe52e,https://github.com/CGAL/cgal.git
0b3b063cc4084534bf41986c25b6173c,https://github.com/ChaiScript/ChaiScript.git
834b6e8005e2433995ec532ac94e08e6,https://github.com/chenall/grub4dos.git
d535ca6970a54139840efa0e267d53d1,https://github.com/ChibiOS/ChibiOS.git
bbe5e3164a2744b0ace8bbd267503616,https://github.com/chocolate-doom/chocolate-doom.git
42971f98346043efb0410a3250a4997a,https://github.com/chriskohlhoff/asio.git
9c3353b8c389441999899adaa60de0ff,https://github.com/Chuyu-Team/VC-LTL.git
6b4002040e9b41e19447180fa20a874f,https://github.com/cisco/libsrtp.git
e0812359119440b2b5631ceaa64ea578,https://github.com/cisco/openh264.git
2e8702345db94924b7e8d1d954ee928a,https://github.com/citra-emu/ext-soundtouch.git
969c3b304ef24487994cc9ad3f68411e,https://github.com/civetweb/civetweb.git
32da101acbb2446bb2bef029878fc0c4,https://github.com/cjdelisle/cjdns.git
bb18d5d629cd4647abec8dd48de2e005,https://github.com/cjlin1/liblinear.git
94bc76689fdc47a2af6aa9a7adf32011,https://github.com/ClickHouse-Extras/boost.git
62cb454bbe5c4e92b4ddddb845fd40ce,https://github.com/client9/libinjection.git
c636d69044ef4f2e89e58d91e2c28ab0,https://github.com/CLIUtils/CLI11.git
7fc7942f492c4b8e89ef9c413705e929,https://github.com/clMathLibraries/clBLAS.git
5b4243ad10a5424f9e90646879cffe7e,https://github.com/clMathLibraries/clFFT.git
aa092a42b459473d8fa3e9a6b6603d53,https://github.com/CloverHackyColor/CloverBootloader.git
32df026060e6408d9e0043533ffe93ee,https://github.com/ClusterLabs/pacemaker.git
03fbf8244a5d40dd88c4c4dad7e880aa,https://github.com/cocos2d/cocos2d-x.git
386a0e5c0ba64524b82fedc37efe2c3f,https://github.com/codership/galera.git
ce07806e27084d57b73aaf17eb309ae8,https://github.com/coin-or/CppAD.git
a043b484d1994e248d44abedc6af8bb9,https://github.com/commonmark/cmark.git
667c3f6344fe4a42a0b08ec1a29e72b8,https://github.com/concurrencykit/ck.git
b10b7b9e3c32496dafb0b596bef969ec,https://github.com/conor42/fast-lzma2.git
7bbc1ff8d09c462993dc7215c46b424c,https://github.com/containers/podman.git
ebc8e60fb6654e589d38f5d72b528402,https://github.com/corecode/dma.git
3e634e81e6d24107a7c93776bacc0866,https://github.com/coreos/grub.git
dc8a4dfdc9ab42c380ccf288dd5c82a1,https://github.com/coreutils/coreutils.git
043ca0dd92d140cfb6bf29f5a5f67861,https://github.com/coreutils/gnulib.git
62cb47cac6294be08f0b4aff385f4485,https://github.com/cos120/captcha_crack.git
ec9074191d244845a1733b73a3197452,https://github.com/crankyoldgit/IRremoteESP8266.git
f79530bfcc0d48149b8b0fc61cf00cc0,https://github.com/crosire/d3d8to9.git
33443e0283f44680a7758b854fbb9844,https://github.com/crosire/reshade.git
a3be1ba9b5e144e08fc978a3f82f0f32,https://github.com/cryos/avogadro.git
91434ab73e3f426c82f65934a1f38fac,https://github.com/cryptonomex/graphene.git
70c7eefb9a1c46c6b88a609ae2d76a89,https://github.com/CTCaer/hekate.git
3b45ee5642104f36a5da0e9c29020bc2,https://github.com/cucumber/cucumber-cpp.git
873d30b77bfb4838a3d57e168474bfdb,https://github.com/curl/curl.git
e0b52993e19547fa8bfdb11a647c9e1d,https://github.com/Cyan4973/xxHash.git
c91c7a02fdfc4256884e4c5b459d2deb,https://github.com/dajobe/rasqal.git
f829805bd0ca490f8e039daecaa1c497,https://github.com/DanBloomberg/leptonica.git
7d42af051fae477eb922e49e3af46770,https://github.com/danfis/libccd.git
c189a14d4b9c45348ce78c97c0f0a5b2,https://github.com/danielaparker/jsoncons.git
c3fa620e92dd46e683457d4525ddd675,https://github.com/DanielChappuis/reactphysics3d.git
d2e92b65dd26435f801061dcbeffcc77,https://github.com/daniele77/cli.git
f2bb3f87f6854d1fb5595868e0cca356,https://github.com/danomatika/ofxMidi.git
f85f6b7634d64f31a4c3826bd40f3ee2,https://github.com/darktable-org/darktable.git
c32591f4257649ca8f41c35428e2ea10,https://github.com/darwin-on-arm/xnu.git
b11cd13d01484201b48d56b755863dfd,https://github.com/DaveGamble/cJSON.git
eff75ee025f14c87b1fea963889928dd,https://github.com/davidgiven/ack.git
e4e2f56467a2449ea0068d7df1a2f05c,https://github.com/DavidXanatos/TaskExplorer.git
a3e31e0c22704a279deee7ca264f0d9f,https://github.com/davisking/dlib.git
bcc019f15c1a4cef90088d3304b32696,https://github.com/davisp/jiffy.git
86c8d0ba96d14a4bb2f49c8ddd8d6516,https://github.com/dbry/WavPack.git
f0895e250ab940619f7064d2d744c3ef,https://github.com/DCMTK/dcmtk.git
f732bef540c847f6908f99d2a3947b26,https://github.com/dcnieho/FreeGLUT.git
1bb5fdebb1c34804a003ef7e94d008a9,https://github.com/dcreager/libcork.git
9fa3e373db7d4c68b5094c13d3d70e9b,https://github.com/ddemidov/amgcl.git
293adcb38a86453eaa8af99dec53cade,https://github.com/ddemidov/vexcl.git
84eafcfe428b42f9ac04e718155c1f7c,https://github.com/debian-calibre/unrar-nonfree.git
3320d26955384b7ca1ac42f1102d7bc9,https://github.com/deweylab/RSEM.git
d63840d3169b4d46b04553e9a69b7d30,https://github.com/DFHack/dfhack.git
bd286afdc6af4d709268d564c341c721,https://github.com/dgibson/SLOF.git
f71d32c5c8a14e99a3db9791b462266a,https://github.com/dinhvh/libetpan.git
d1ad2724d2dd4e1995a8136baa7cb1df,https://github.com/discord/discord-rpc.git
81d7695ec8244c89bf07b2f0f95ad83f,https://github.com/distcc/distcc.git
b2395af01bf448a0b51266e58d7063a5,https://github.com/Distrotech/gzip.git
b95cf73452f94d05b5421b6cdb74dd2e,https://github.com/Distrotech/inetutils.git
484cbbeb4b874e0e9619415a21a72843,https://github.com/Distrotech/libcdio.git
4b2874d93dd74cb6ab307cadb9222e48,https://github.com/Distrotech/libtirpc.git
d3acf73af8df470d98ad091eb108ad18,https://github.com/djcb/mu.git
13e3da064b47403eb6d3eb4577c41342,https://github.com/dji-sdk/Onboard-SDK.git
c92e537966ed41a6ad6c26629cb10531,https://github.com/dmlc/dmlc-core.git
3be8564d0f654567abc05916e7ed83f1,https://github.com/dmlc/mshadow.git
f9850cd64c984d45b88899b6245afb3e,https://github.com/dmlc/nnvm.git
a0cba43c237a4acc8f868ab7f091db95,https://github.com/dmlc/rabit.git
5c03e82aa6464224811079cbd4186e7f,https://github.com/DOCGroup/ACE_TAO.git
8d18534b66f34ca8bd42a07ab0bdd7a1,https://github.com/docker/engine.git
f8ac6f2caeda4f218a0a1f9ab84faffa,https://github.com/doitsujin/dxvk.git
f8636b312a2747bd80e451500a1d12a9,https://github.com/dorian3d/DBoW2.git
0fa3648de58f4c139b5e8dd02e702343,https://github.com/dosbox-staging/dosbox-staging.git
642a43e129724c689395848b23c6f051,https://github.com/doxygen/doxygen.git
55aa6f442b8045d995432a01d83a2d4f,https://github.com/DPDK/dpdk.git
65aa0bfe69a142459aa347fe22341912,https://github.com/drh/lcc.git
27fa3fb96ef543ba856729de17a3546e,https://github.com/DroneBridge/DroneBridge.git
11ffbc5986a24407898b7e2e97a608ca,https://github.com/dropbox/json11.git
469635dfcf0f4a2da707cae968442432,https://github.com/drowe67/codec2.git
abaac639f6344d02b424203806b1da9b,https://github.com/DrTimothyAldenDavis/SuiteSparse.git
ae13ba53cdc4431d95c103d2c91c316f,https://github.com/DS-Homebrew/nds-bootstrap.git
3cc50c02dfc143d3a096b003e4187e89,https://github.com/dtschump/CImg.git
bec8124f80c64fa78a828c240ac167d1,https://github.com/earlephilhower/ESP8266Audio.git
3c7c767e2db7418e957d5560e264e7ad,https://github.com/EasyHook/EasyHook.git
135044e05620469f900123f610f42dd8,https://github.com/ebiggers/libdeflate.git
28daf925045041f19a0b3e2bf7e53d7c,https://github.com/ec-/Quake3e.git
79b3839437244663807be21cc6385116,https://github.com/eclipse/mosquitto.git
754c92eff6d74b5ebe3ecc38df1d762e,https://github.com/eclipse/paho.mqtt.embedded-c.git
036b74dae50d414cba6becd5159cff0f,https://github.com/eclipse/sumo.git
587b327d62f04fd9a75cbe1811e73dc9,https://github.com/edenhill/librdkafka.git
2941e23153c344f1a7216370c61b8ec8,https://github.com/edouarda/brigand.git
0f1d1aa31dd34cb792df967e84961622,https://github.com/efficient/libcuckoo.git
2a2588cc7d1249d8b67bfbf72a785450,https://github.com/eggert/tz.git
d100206c1bc442c6a250cda0040c929d,https://github.com/eigenteam/eigen-git-mirror.git
8415fdae2b834d1b97c127f09c03cf75,https://github.com/electron/electron.git
6ed508fe9a6446e8814c1baea5c9c2d6,https://github.com/electronicarts/EASTL.git
bcac5b472c9f49f5a11f816c03209d05,https://github.com/elua/elua.git
cb522b30efed44f9875e40701079949f,https://github.com/emacs-mirror/emacs.git
34c745f7c5dd4c5b8509bfea4e1b8c20,https://github.com/embree/embree.git
a0d1e94a51774b36b7b15230d1a7fd3d,https://github.com/emcrisostomo/fswatch.git
d995bf80369040cb8e692456e0b5f306,https://github.com/emscripten-core/emscripten.git
8ca94bd7a65149cdb813371e70bc0b3f,https://github.com/epezent/implot.git
a43eb3fb906f4f89b47ee1b24e88c046,https://github.com/eranif/codelite.git
7e492d11a5784cec806ec955c189a40d,https://github.com/erincatto/Box2D.git
82d2eae9fe38429ba9da90ba6a269016,https://github.com/ermig1979/Simd.git
e7385d0561674b769b0f241b857d8041,https://github.com/esp8266/Arduino.git
f28be8b7144c4b06a5a033a97756b64e,https://github.com/espressif/esp-idf.git
0256767d2c53409eac4f0b28a36ea80d,https://github.com/espressif/esp-mqtt.git
cd63c3a6c8cb4e4ea6c34157b7d07954,https://github.com/espressif/ESP8266_NONOS_SDK.git
739217f2f20440b9b0fb7bbb3eb096ac,https://github.com/espressif/ESP8266_RTOS_SDK.git
a81425b6052b4b2ab4991fdef1bf5255,https://github.com/espruino/Espruino.git
08b426a52eaa41b291d779bcd30c0729,https://github.com/ethereum-mining/ethminer.git
c4071a4535434fb9bee3f339b8734633,https://github.com/ethereum/aleth.git
e0234799687443808ca99edda6108bdd,https://github.com/ethereum/solidity.git
c1b1b2f4b961490ba775381fb1de53a6,https://github.com/Exiv2/exiv2.git
9634757278c44a0292085276ec4581d8,https://github.com/ezQuake/ezquake-source.git
4c221acf5cb145a98d21b143927695b9,https://github.com/facebook/hermes.git
b1b52ce194a34bd2bfa5069bba133ec1,https://github.com/facebook/mysql-5.6.git
034cc80a8f58451595c2f233e97db6a6,https://github.com/facebook/rocksdb.git
4203e6a7b578459cacfea08c56d2bf20,https://github.com/facebook/wangle.git
ece166907559466fa3905da4a4a216e0,https://github.com/facebook/yoga.git
971bfa23547b4bceab11e3abd1207bd2,https://github.com/facebook/zstd.git
cddfe30716a74e72a6b100448a3f61fd,https://github.com/FALCONN-LIB/FALCONN.git
ecae342d61bc485da894ce6d37beb30c,https://github.com/FastCGI-Archives/fcgi2.git
20727208553142b3b6c342de8bfded90,https://github.com/FastLED/FastLED.git
af3ed5d7d23e464cad7ba59d6d08527e,https://github.com/felis/USB_Host_Shield_2.0.git
8d6a9495e1bb4eb88e2c99004ef53605,https://github.com/fenrus75/powertop.git
33f5c86bd99247d7b4dbebb81e84c896,https://github.com/festvox/flite.git
283f65acc422483ca24298a3ba6e0994,https://github.com/FFmpeg/FFmpeg.git
128960b0802341e796d7f0feb4500349,https://github.com/FFTW/fftw3.git
fd2be2b1562d429cbb3fa506021e39e8,https://github.com/file/file.git
fb3c6972ceaa40128cec747825c46199,https://github.com/flann-lib/flann.git
0cbd2d512b3b49dcb204525b33b1f168,https://github.com/flavio/qjson.git
a833012c48a34224879e2f4eef3ce8be,https://github.com/fletcher/MultiMarkdown-4.git
63adfa75ab694315ba2a31d4d5d79d7f,https://github.com/flexpaper/pdf2json.git
5c3e558bda4d40dca767e7834a22d1a0,https://github.com/fltk/fltk.git
5e1817b906b74c7ebbfdb6268aac4218,https://github.com/FluidSynth/fluidsynth.git
858f8e851f5c4b7fba3787cea90e47c1,https://github.com/flutter/engine.git
ff94ab0498454ca0b08fe9a98423ebf9,https://github.com/fmtlib/fmt.git
dffa48f2aa954f54a7289e6218661bcf,https://github.com/fnuecke/eris.git
d4b8af71cf004677b5120071be93b23e,https://github.com/foonathan/type_safe.git
84ed5cedc670465399c95a327d5cc0bb,https://github.com/frankosterfeld/qtkeychain.git
d308ed98fae2419bbba4cd8d3e6896f2,https://github.com/freedesktop/libXext.git
2b7c4574343b4ac6a5b138c01a38a496,https://github.com/freedesktop/pixman.git
3a80cf1395cf4ca5b61a53490e9ff912,https://github.com/freedesktop/poppler.git
a1230978c8e145dd999b11fcb0e47236,https://github.com/FreeJoy-Team/FreeJoy.git
9c840af47e1542efb89033b4805b870e,https://github.com/FreeRDP/FreeRDP.git
508ba3d6b7f044f5b23012e17763f9e6,https://github.com/FreeRTOS/FreeRTOS-Kernel.git
23a2daadf15c40a4aeb4df95a6fcf13a,https://github.com/FreeRTOS/FreeRTOS.git
b1e34c4f4b6a43a4983df7dbfd08ee8b,https://github.com/freetype/freetype.git
822000cd62104fc4a0f37c83f39f399f,https://github.com/fribidi/fribidi.git
9e246634980344a5854404cdf35a831a,https://github.com/ftylitak/qzxing.git
02646d889d7f4d1dbdd74caf5f3c4fed,https://github.com/fukuchi/libqrencode.git
1ea815d4b2314121b97ed015fef8e16d,https://github.com/fuzzylite/fuzzylite.git
318769158679452798acfaa77d226587,https://github.com/fvwmorg/fvwm.git
68717f99adfa4414b060e652b8f0bf0a,https://github.com/g-truc/glm.git
63cd83b22311436e9bd5641abc1a9e5e,https://github.com/gabime/spdlog.git
54c2ac5df98b4299940ed6ec8a601734,https://github.com/GameEngineering/EP01_SandSim.git
17ee03c9338a4cf9a263d39918f56706,https://github.com/gcc-mirror/gcc.git
b7077a2e35614d8abd8345e5d30aee54,https://github.com/gdraheim/zziplib.git
2a6dd336f95e4e42b2ad420d9ed08404,https://github.com/geany/geany.git
c4aa3c885bb649dfaad7b4e6aa555631,https://github.com/Genivia/RE-flex.git
c9af014f8f0741688d301d046db982c6,https://github.com/gflags/gflags.git
7529284d2d52421ebc597f36638671a8,https://github.com/ghaerr/microwindows.git
ecd77dbb13ff4dcf9c15bd2b371844fa,https://github.com/gianlucabertani/Objective-Zip.git
6047e1a680bc48cf8021a7a5c455c1f2,https://github.com/git/git.git
766389c4d9214e9d898d501a3c6afa08,https://github.com/github/putty.git
bc91110a60a44990a30b52fa753b1c06,https://github.com/glennrp/libpng.git
f6c918c71ad245a9a0f010e2f5ec0e99,https://github.com/glfw/glfw.git
1f8b9230c890412b9961ac1a6f99554c,https://github.com/GNOME/evince.git
3ff5344f89a34624b3e4c6d00cfccbc5,https://github.com/GNOME/gdk-pixbuf.git
87f488af5a4a4332a6a97af114e6d0bc,https://github.com/GNOME/gimp.git
d5495578e7614888b6009afec77ff457,https://github.com/GNOME/glib.git
c752464271b949a397d903a13f27f36c,https://github.com/GNOME/gtk.git
8303ad30111e44769316ae6ef1b09f9f,https://github.com/GNOME/librsvg.git
b3c47171d33342199791ec7cc77fa7a7,https://github.com/GNOME/libxml2.git
d122802a7993478dabaa304fc42363f0,https://github.com/GNOME/libxslt.git
1dc7122393b849f3a8a07fd6c45b478c,https://github.com/gnuradio/gnuradio.git
1dcbbd4d4f0f4dd99eabe5f17214a477,https://github.com/gnustep/libobjc2.git
f48d2ef3ae4148388f3360071557e5c0,https://github.com/gnutls/nettle.git
10a71b1c00824b63af2af81981fb67df,https://github.com/GoldenCheetah/GoldenCheetah.git
3c1e39231a1b46ddba9ddea44b17ae01,https://github.com/google/benchmark.git
554fb8a29d9f4ef7b8aa3eea1fd91d04,https://github.com/google/brotli.git
a422b73b2c4346b6b21bfecba7ef8cbb,https://github.com/google/cctz.git
6c6a125899b04decbab1eca4dfba9bce,https://github.com/google/cityhash.git
f6f91d3cff54462893b1959d22c747ff,https://github.com/google/crc32c.git
0319ff0d11dc4e30bf26d1a2339c81bf,https://github.com/google/double-conversion.git
d07b7dd548f94563aed290aca89f4862,https://github.com/google/draco.git
8b84112e39f940afa328fa166dfbc551,https://github.com/google/flatbuffers.git
277d316714d547c1924381b2ccae58ab,https://github.com/google/glog.git
270bb252cd804ace990cdebc60d9153b,https://github.com/google/googlemock.git
a8f7386956a14bd78f1128cbefdf3bc5,https://github.com/google/googletest.git
e5e1809a9f9440ad890f18ebe42ac18c,https://github.com/google/leveldb.git
b962a081e3cb44d79549a11279a5743b,https://github.com/google/liquidfun.git
180e4f049bb1429f897b31328d7f2075,https://github.com/google/mathfu.git
c92242de3aaf4cccaf14b0db23d29bfe,https://github.com/google/oboe.git
2321fe1fa99742a98805d37e63b4b6d8,https://github.com/google/re2.git
32a200b4f9834e21aa3eb3fb67f98d13,https://github.com/google/skia.git
a0f016f3f2bd49348e2490bfb79b8daa,https://github.com/google/snappy.git
970eb7923e0f4c18af2b78eb57ce14e2,https://github.com/google/zopfli.git
da0c2c6185ca4f05abd08fcaaafb737f,https://github.com/gpac/gpac.git
09378c48556a4441a857f0f5062f0b41,https://github.com/gperftools/gperftools.git
e6990d63aca64fe097caea68ee8aedc7,https://github.com/gpg/gnupg.git
255bb00a76354299a073cf28552c3879,https://github.com/gpg/libgcrypt.git
1a4601e3acce4bd2a82548b36a54f803,https://github.com/gpg/libgpg-error.git
e9d150b8ef194c5987838c3823dd23ef,https://github.com/grame-cncm/faust.git
8af7e2edaf4d490880f5966b4cdafab3,https://github.com/greenplum-db/gporca.git
dc3181141d1048789b917f6722b93bf0,https://github.com/greg7mdp/parallel-hashmap.git
18179a274331489cbc92a9545935af3c,https://github.com/greiman/SdFat.git
31e1b33cc2ce4de3a78b575636b92e0f,https://github.com/grpc/grpc.git
3e42c8fa1b41430ea082b253dcafb2b0,https://github.com/gtkwave/gtkwave.git
29354e48aed34f1ca914165e9901f217,https://github.com/guillaumeblanc/ozz-animation.git
b220a3e096b0461b96c01d257dc69e10,https://github.com/gulrak/filesystem.git
922f139563e64ee5a9ef166d815585dc,https://github.com/HackWebRTC/webrtc.git
b4d66fcaa01042a3aa3bb8fbbed3cd17,https://github.com/haproxy/haproxy.git
e945b15006ef40be9fed0b262cdd13b0,https://github.com/harfbuzz/harfbuzz.git
4d08926cbd924658b408bbc56e041408,https://github.com/hathach/tinyusb.git
88156fe3e51744f5a5b4dd26d9c01a59,https://github.com/HDFGroup/hdf5.git
ba34e6d96cd4442b80fc0897587ed47f,https://github.com/heimdal/heimdal.git
76cf33f5fb134b2ab9878b7d1265b0b8,https://github.com/herumi/xbyak.git
93916469dad54e4b842e4c45ea2d858d,https://github.com/hfiref0x/UACME.git
db4e95a87f6a45258125db65dbcb7493,https://github.com/hjwdzh/QuadriFlow.git
a0d876e7ecd64e4bb817a22218bcaf1c,https://github.com/hpricot/hpricot.git
78366840893d4f989d2cd280eee497d1,https://github.com/htop-dev/htop.git
92f5409f3f454200a9afc716f2349a63,https://github.com/hunspell/hunspell.git
1997d1618e9a4da79fa950e9e9054514,https://github.com/huntergregal/mimipenguin.git
1646ae3c39dc458ba30fb37c1d3076bb,https://github.com/hyperic/sigar.git
fba22fbd916745dcbff33253b7cecfb9,https://github.com/ianlancetaylor/libbacktrace.git
5e56ee817bbc40d29e4a805b242dbf09,https://github.com/ic005k/QtOpenCoreConfig.git
72861afdabd44b489c9fa390b4756fc0,https://github.com/IlyaGrebnov/libbsc.git
e276be6fd8f246d6b3f9fa7fe1f85078,https://github.com/ImageMagick/ImageMagick.git
1d21a8b37e404abf9cacc19579e46af2,https://github.com/ImageOptim/libimagequant.git
ba309b9e71d44fc6a949887b85fbf0c6,https://github.com/imbs-hl/ranger.git
07fb91e2e70742bea777b27f7a26478a,https://github.com/indilib/indi.git
93eb51dc8ae14c42ab5ace4c2443b749,https://github.com/inikep/lizard.git
112e82d5c95c4112a0e26f4ce4d45471,https://github.com/InsightSoftwareConsortium/ITK.git
e76418034a2343dd91521888265cfdb2,https://github.com/intel/clDNN.git
453788d101854cd793a51c76086570fe,https://github.com/intel/isa-l.git
5aa2abf9294a4a3fa7a99185d062cec6,https://github.com/intel/safestringlib.git
af57a637184141faba4b303e04b2adff,https://github.com/intel/tinycbor.git
47740c0372cb4871bd728da9ba7dbb58,https://github.com/intel/tinycrypt.git
3b86f2f3f5914eacbb9744028ef2dfa0,https://github.com/IntelRealSense/librealsense.git
002f6d779a4f46d5bff10c5cd1abcc23,https://github.com/introlab/rtabmap.git
57f23ad67af54d8282a6335d56d81244,https://github.com/ipkn/crow.git
815c24ba7b7a45ca88c9aa5afc2bccc8,https://github.com/iPlug2/iPlug2.git
762c65e5f42c41439dda22c1cb9ceedf,https://github.com/ipxe/ipxe.git
b677f76032ea4e448fdd44b3d19b12a0,https://github.com/iqiyi/xHook.git
4a19d3774fe94eb1b5510aada4575ec8,https://github.com/ircd-hybrid/ircd-hybrid.git
5fdb5158d0334b19b4de874e4e471bff,https://github.com/isc-projects/bind9.git
58eb616876b8403ea3d5197aae505d51,https://github.com/itay-grudev/SingleApplication.git
d23442c9af5f4db2a0985fe8e1ea4f6e,https://github.com/ivmai/bdwgc.git
e8776e6d5a434d28b35274ba6f6fdab3,https://github.com/ivmai/libatomic_ops.git
e1cf0d599e654fce8cedfa09b3a4a077,https://github.com/jackaudio/jack1.git
4ff11e2d7695462c8f7acf5f845fdc29,https://github.com/jandrewrogers/MetroHash.git
8a0777825f794cd984d96567dd3047ba,https://github.com/janmojzis/tinyssh.git
fbc19ee310694836b8196738e0986b23,https://github.com/jarro2783/cxxopts.git
c1f98d0023024c148ece31a4ea9323a4,https://github.com/jasper-software/jasper.git
be9bf47872bc4fcbadc07f60a7a55e17,https://github.com/jbeder/yaml-cpp.git
6c483ff838d34edbb2fcb965d38fa8df,https://github.com/jckarter/tbb.git
91fd22ff677047d4b34347b80964c4eb,https://github.com/jech/polipo.git
67e1be41f22648e09ff7c5fd158729aa,https://github.com/jedisct1/libsodium.git
e252a710a2334c88909434c7d01d8e5f,https://github.com/jemalloc/jemalloc.git
8f5909d7ec294a58a8fcfa680b6f900f,https://github.com/jgm/peg-markdown.git
8b80177c69494ddc91dd6e44cb762003,https://github.com/jinfeihan57/p7zip.git
c144df223c2d442e8e2b6c0303f5b063,https://github.com/jk-jeon/dragonbox.git
c80afd80b83849b4b3994a392d76e1ba,https://github.com/jkuhlmann/cgltf.git
f226f34a2469478c971201203fbb6b2c,https://github.com/jkuhlmann/gainput.git
2d2a54156c3840dd8dee8bcacf375836,https://github.com/jlblancoc/nanoflann.git
cf61a1c1bb26446389a62f8bb7615db6,https://github.com/jmacd/xdelta.git
ab42aea863b64ba19caa4d974b99233f,https://github.com/jmcnamara/libxlsxwriter.git
86da0370d9744edfa457e3bc9c814b17,https://github.com/jnz/q3vm.git
5f42923939694b99982353c8a15caa7f,https://github.com/joyent/v8plus.git
5f4922b6275d4ab4b1db243fefb0e80d,https://github.com/json-c/json-c.git
6d2670dd86ec4e379dd10bb3b89e68c6,https://github.com/juce-framework/JUCE.git
69312782437347e4b3cb4d9250f2c6d8,https://github.com/JuliaStrings/utf8proc.git
0035e132e6224de79ca2be75cc48c49a,https://github.com/julienr/libpng-android.git
716dd93a254341729b256afdd837badd,https://github.com/jupp0r/prometheus-cpp.git
238e77b7a88340e39dd448ec3235af33,https://github.com/jurobystricky/Netgear-A6210.git
a392f0b58f4c45e2aa5563bb26817920,https://github.com/k-takata/Onigmo.git
b51f18c4f09747e6aa44b5d07836227f,https://github.com/k0dai/density.git
f27faf0a00244a76b35e9ef356f3dfad,https://github.com/Karlson2k/libmicrohttpd.git
8d5a50c2629948299846b06b01ddad50,https://github.com/kazuho/picojson.git
8339c467595c45f29d9e54368e3b1b80,https://github.com/kcat/openal-soft.git
597352ae52464c7bab7bfcc4018b1852,https://github.com/kdave/btrfs-progs.git
bc3ac9e98ad14d06bb981debc25b7fa2,https://github.com/KDE/kdeconnect-kde.git
82bbedca7e5247a9abe8825c039f1f1b,https://github.com/KDE/kio.git
704a613cacb440a690a0258aab5b35cc,https://github.com/KDE/konsole.git
838e04f960a248fd94d8435a403fc2d2,https://github.com/KDE/okular.git
67e6bf944cdf4d3d8d83dcd3cdee7443,https://github.com/KDE/plasma-workspace.git
ef6fd3071797427d9585c445d4bc843c,https://github.com/kendryte/kendryte-standalone-sdk.git
83b0e5326f1d427eb68444cc57ca742f,https://github.com/keplerproject/luasql.git
37075b5a0e9c49b0ad31e472ffc8ccf6,https://github.com/keystone-engine/keystone.git
bf418a0f341c421e9bdbec597fab6097,https://github.com/KhronosGroup/glslang.git
f4d3f5d5790b44998b6d181f9d72f8fc,https://github.com/KhronosGroup/OpenCL-Headers.git
779ecfb68a94460b8b23fe9258b16543,https://github.com/KhronosGroup/OpenCOLLADA.git
50ac7d99cc3c4382916eff57ba5a8c83,https://github.com/KhronosGroup/SPIRV-Tools.git
1047c075838b40f198e6dff52bbeb7bc,https://github.com/KhronosGroup/Vulkan-Hpp.git
5a10c676b9ed4ad682fc51b4f0e391aa,https://github.com/KiCad/kicad-source-mirror.git
0be55d0570b949939974b0516091b5f7,https://github.com/kismetwireless/kismet.git
2680468732d8487691bb7992ccee2cb1,https://github.com/Kitware/CMake.git
d8c5e091a42744f5a26d6feda93f7e64,https://github.com/kkos/oniguruma.git
54aa376056c040b2a6fd6ee11d74743d,https://github.com/klange/toaruos.git
1149fd45db414792b20c51afe1da1756,https://github.com/kmackay/micro-ecc.git
09a908f29cd944b38437ff6d87abbc27,https://github.com/knik0/faac.git
3780224e0e1c498a8cf1ea2db1e4aab5,https://github.com/knolleary/pubsubclient.git
86c08fa1194f41cf95ef5b83c8110544,https://github.com/kohler/gifsicle.git
e078e253dfb94088a746c38865ac354e,https://github.com/kohler/masstree-beta.git
a84319882163439592025163234b56c1,https://github.com/kokkos/kokkos.git
5f6c441c916349b0aface4a5888e077e,https://github.com/Komet/MediaElch.git
d79e9ab453a34563835ff0fd65bc04c4,https://github.com/kornelski/7z.git
247c398f0d39494d97498d49e06e1034,https://github.com/krakjoe/phpdbg.git
a6b5fab2c7c74560a9cf63850b388128,https://github.com/krb5/krb5.git
a02adfe1c8c94762a0c5ee6c1d6e5e1c,https://github.com/krkrz/krkrz.git
f0d21741eaea4254963ef2f4acb9e6da,https://github.com/kuba--/zip.git
d302112e1f674915b75039df5b9e5214,https://github.com/KvrocksLabs/lua.git
469683a155084a89b6e7707079e8b688,https://github.com/kypeli/kQOAuth.git
dd7e4444879a4c7fa6ca7586251d55b5,https://github.com/ladislav-zezula/CascLib.git
0349c5a7d41a4b4c804bc35f3055078c,https://github.com/ladislav-zezula/StormLib.git
a9ff39e6f1124a6ba074b542f7841f3b,https://github.com/landley/toybox.git
e65f6972d20b4a2ebbed95bc9b1767c4,https://github.com/lathiat/avahi.git
212384ccb503484b9477623c684bfe70,https://github.com/leadedge/Spout2.git
7527569fff3843ce94c3a83554ff71b4,https://github.com/leaflabs/libmaple.git
5f4d694aea8946428e79d22259cc7949,https://github.com/LeelaChessZero/lc0.git
d2c1ea5566144ce99580adb961a567fb,https://github.com/leethomason/tinyxml2.git
7633b21dbec846ebb956d4c6b88b6a2a,https://github.com/lemenkov/libyuv.git
8fc999b30e6a4f0797a730db002d797f,https://github.com/lensfun/lensfun.git
3ae633cc39ac4c928b145db959dc2125,https://github.com/lh3/bwa.git
89bb38d8fa8940a99ba5ffea6b19f01c,https://github.com/lh3/minimap2.git
bea1b9ec825845959ae8ea30c0c75c05,https://github.com/liballeg/allegro5.git
8f0c6e078b924820bd8d3c1e1cbdc06f,https://github.com/libarchive/libarchive.git
ebb37c9fe56641baaaf22fd1e4dac1d2,https://github.com/libass/libass.git
c51cf7e6891c42c59adbead01836c38f,https://github.com/libav/libav.git
7ad6fc3f9b7347b1b046386c8e0a22a3,https://github.com/libevent/libevent.git
80851959813f44529878ec553cbe2b7b,https://github.com/libexif/libexif.git
74e3f2101eab4c719f9a1c5b6957ed5c,https://github.com/libexpat/libexpat.git
b996cf185bc640e28cb4f225e1a52846,https://github.com/libffi/libffi.git
77d8fffa1f9e4e53a4a175684fe32abe,https://github.com/libfuse/libfuse.git
a376bbee71a2480ab6edfbdc65d292a3,https://github.com/libgd/libgd.git
450f95a47d1f48de89d7bdbfeeb14978,https://github.com/libgeos/geos.git
3c874693117a40bfad09030dc67da708,https://github.com/libgit2/libgit2.git
33fc4da9ba5348ee9ef5b4507660a937,https://github.com/libharu/libharu.git
4dcc55958f5b4e118ef5d651bdd795e8,https://github.com/libigl/libigl.git
688b0512ae2e4a789a0b520a01a8b1b5,https://github.com/libimobiledevice/libplist.git
1b3897dc1c394c8d86d233e4b2e84b27,https://github.com/libjpeg-turbo/libjpeg-turbo.git
47d3bdcd6f2e45e69772d7110a75f074,https://github.com/libLAS/libLAS.git
6652e841f23a4bd794334a15874cd24f,https://github.com/libnet/libnet.git
8766a78bd20f4803b6f6f8ade957ca73,https://github.com/LibRaw/LibRaw.git
221a1ede0f394d69987768b1b1566320,https://github.com/libreswan/libreswan.git
4ef4b88e12d14effb3b3fe5c76aaedff,https://github.com/libRocket/libRocket.git
f329b00393754b3f8001f530ff3ec72e,https://github.com/libsdl-org/SDL-1.2.git
0bf05b9609f34151a4a5ee412c526f30,https://github.com/libsdl-org/SDL.git
cc4feea4c69c4c12ae268ec3fb207850,https://github.com/libsndfile/libsamplerate.git
9d1bfa4491d64b3388e42539b850cee8,https://github.com/libsndfile/libsndfile.git
bb6aaaa3e4864dd498cefbe9225c6fc4,https://github.com/libspatialindex/libspatialindex.git
29052593abaf4550b4b7cfd9b60b72a5,https://github.com/libssh2/libssh2.git
4a15978ee83c40febf358e0d281ea70a,https://github.com/libtcod/libtcod.git
33f38a8f60b049e582155c2aff9113d7,https://github.com/libtom/libtomcrypt.git
3a58f621e68f4f1f9ad17ad11490a00e,https://github.com/libtom/libtommath.git
70012eb68b894179ac1067ec3279f382,https://github.com/libtom/tomsfastmath.git
f62fd14021b642ffb9ed4239e6fd02d0,https://github.com/libunwind/libunwind.git
84b81b98b1ec4caa87815291957d2cb3,https://github.com/libusb/libusb.git
aaec6466891f4f97b4b5cf4c90450174,https://github.com/libuv/libuv.git
630bd6a7db4748dc833efd5a2b182565,https://github.com/LibVNC/libvncserver.git
e51abe57cf2342038aab9333fd286abd,https://github.com/LINBIT/drbd.git
af0019ad96c14a0ebf6fdba5478f3c73,https://github.com/Links2004/arduinoWebSockets.git
a051b96e905a46ad84f10860dbc22408,https://github.com/linux-audit/audit-userspace.git
6ea52a0fb2c3419db013749018e681dd,https://github.com/linuxdeepin/dde-file-manager.git
287a3c50c17e430e8ab28571f9cebfae,https://github.com/lionsoul2014/friso.git
be406e32fb10482c91f71c3d79109679,https://github.com/lipnitsk/libcue.git
294a21b1eea043ca8e2dcba0376421ec,https://github.com/litehtml/litehtml.git
d445c5220568482e989acfe90ac5c3fd,https://github.com/litespeedtech/lsquic.git
af82aba61ecc483f96c655f7eceff97f,https://github.com/littlefs-project/littlefs.git
9ccd21708c754d7ab0a22510444d4c52,https://github.com/lloyd/yajl.git
385c6bd75be348a5a158d9a295e01f74,https://github.com/llvm/llvm-project.git
b07999818af34bbab2de22d886e52ecd,https://github.com/LMDB/lmdb.git
aec995cc105346d0a68f4739e91de1e2,https://github.com/log4cplus/log4cplus.git
d87b00794de549af86065397a42b6e1b,https://github.com/LongSoft/UEFITool.git
37573eca345c4294a0d5db27c3e85454,https://github.com/LoupVaillant/Monocypher.git
b63824b047ec4d7d89d93d1b8e354f16,https://github.com/lsalzman/enet.git
1dc84bfa0a374eaa8ba824c00c8c4eb0,https://github.com/lua/lua.git
b1117b22dd574c329c60c8e9cb6fda6d,https://github.com/luabind/luabind.git
5116ff22d230420085da280f496187a0,https://github.com/LuaDist/libjpeg.git
52dd5636546a41cbb4c5308e8b5f908a,https://github.com/LuaDist/tcc.git
92ec3f21dbe6415fb5f2193615d65d9f,https://github.com/LuaJIT/LuaJIT.git
a7aed6ccadbd458da8ed2fae724ce351,https://github.com/lucab/adns.git
782f073ab16c4dcd83ca2a35b576dd78,https://github.com/lucasjones/cpuminer-multi.git
84154e3716814eeb9f0d328d3c57a6f1,https://github.com/LudovicRousseau/PCSC.git
fcdf9bf8c39d4b668aed4cc672378fc1,https://github.com/luigirizzo/netmap.git
1abfe2413e5947fc9a04a00cab03c1e0,https://github.com/luke-jr/bfgminer.git
f8ccbff633b64f36a854b38079170aaa,https://github.com/lvgl/lvgl.git
09664f427e2a493f879fc646fd42ca80,https://github.com/lwip-tcpip/lwip.git
bc547712d1e94efebc11ba2b2ee3cacd,https://github.com/lxqt/qtermwidget.git
9d47a57cff4c4fcdb3260484d711ae81,https://github.com/lz4/lz4.git
5a09622341d745308c2bc50cea9f23ad,https://github.com/machyve/xhyve.git
bfb5df19b5f44dc4af41f5f63bc9cbcf,https://github.com/madler/zlib.git
3e07bc1af9294f458b2af47cec4c1ed8,https://github.com/maharmstone/btrfs.git
780454f5c5014fc99e77defbd26cdf8b,https://github.com/Makuna/NeoPixelBus.git
2a072496268d4b8495b2276860ac1e0c,https://github.com/malaterre/GDCM.git
b0b3237650514338aa75c034cb6ead85,https://github.com/mapbox/tippecanoe.git
0178ebe526464492adc5a76eb54a2c60,https://github.com/mapnik/node-mapnik.git
c522bb9704a645588e258989559efc82,https://github.com/MariaDB/server.git
305d28e2425540a6bc20549cf941485e,https://github.com/markjeee/libid3tag.git
de557efacbc148eea31efa02f8402d17,https://github.com/markjeee/libmad.git
49d4716f11cf48f9bbe3030440e75588,https://github.com/MarlinFirmware/Marlin.git
14a6f5b8aaeb4f7cab6e39e8261d9191,https://github.com/martinus/robin-hood-hashing.git
076f1512c820479294a788321cd65c74,https://github.com/martona/mhook.git
ac18961d4be24a739b44bd9cd2033eaa,https://github.com/marvinroger/async-mqtt-client.git
98a523d2cf6a471994024accd88222f3,https://github.com/Matroska-Org/libebml.git
fbf098baeb63486580042fe4f40c85c7,https://github.com/Matroska-Org/libmatroska.git
3a97e03d0d0a4250b83927f3755f0cda,https://github.com/mattn/go-sqlite3.git
f6a938841242464c9ff752cbba810177,https://github.com/mattthias/slurm.git
97aaf0ab80e042789cd32c00ac279d89,https://github.com/matus-chochlik/oglplus.git
a146f37ea9664049bd778a05ef5267d4,https://github.com/mavam/libbf.git
1644478e63a24ddda21b5f9b7401a7c1,https://github.com/maxmind/libmaxminddb.git
af5d7a568fcc4f0784205b68c28ccecf,https://github.com/mborgerding/kissfft.git
3a6b613453e2462e9867966ddeedb738,https://github.com/mcmilk/7-Zip-zstd.git
4e8f9cf87b9640049ec26ad64b1d016d,https://github.com/mcostalba/Stockfish.git
4ea5a5e32ba44a9ba5dd9cd195a026e3,https://github.com/mcu-tools/mcuboot.git
d47bcb51208d4cc09935942c6bd82404,https://github.com/MediaArea/MediaInfo.git
6ee915bb440c4167b4c2aa637e29931c,https://github.com/memcached/memcached.git
242527968f004864830badefbeb6c5e4,https://github.com/memkind/memkind.git
c40934eec80e4560b1d3006e4fceca12,https://github.com/memononen/libtess2.git
55a489f615024b98aed62a3478fb81b6,https://github.com/Mendeley/Update-Installer.git
6149d277a21041218edb567bb254a857,https://github.com/merbanan/rtl_433.git
49ceee5b644c4df69c74cfc0f6939277,https://github.com/Metaswitch/freeDiameter.git
8eff6d15d997437eaae73bc99abb8656,https://github.com/mfem/mfem.git
7ef91b2b5d6a407d9fcf7c5e70ed9c56,https://github.com/mgba-emu/mgba.git
73a34c942edd4b2fb421a5423697d8b6,https://github.com/mgbellemare/Arcade-Learning-Environment.git
5cfdded32e764e37afec9378db6b1880,https://github.com/michaeltyson/TPCircularBuffer.git
f948894dd3f8493f8a0e7e67941c6537,https://github.com/micknoise/Maximilian.git
719c4cd093e9419493d611338b2946b1,https://github.com/micropython/micropython.git
9f9d20b7bfa2401491b853be378f3696,https://github.com/microsoft/cpprestsdk.git
e2be149bb0b3445cac75db69d5e1387a,https://github.com/microsoft/cppwinrt.git
9dd6863d41624bd6b66d108e83836664,https://github.com/microsoft/Detours.git
025f8151e11a4933af614411548daf23,https://github.com/microsoft/DirectXMesh.git
2eaa6d8b68364730b46b6897bedb2f12,https://github.com/microsoft/DirectXTex.git
a4b255ace52f4a2e953382417724ed3d,https://github.com/microsoft/DirectXTK.git
bf84cf5fa0f24917b1c0681670ef8421,https://github.com/microsoft/DXUT.git
129d884843294dcaa48aa8d8d4d1ff3d,https://github.com/microsoft/mimalloc.git
a54a6cadcc7c4591b74cd53c737ef647,https://github.com/miniupnp/miniupnp.git
82757851a96d44b1b366270b26749d26,https://github.com/mirror/ncurses.git
08d13e4af25542229a34334682ca989d,https://github.com/mity/md4c.git
7aa254e823ab4fa0a335c7b70cd7110b,https://github.com/mkazhdan/PoissonRecon.git
c8e4bc7e402f4eceb6d1b14ed32a9fd1,https://github.com/mkj/dropbear.git
991f95e9c6ac40c7b7c7025229798743,https://github.com/mm2/Little-CMS.git
5f4e76548706458eb7a99a4129ece8db,https://github.com/mongodb/libbson.git
0e4e8aa46bd042b49044f79a43c9d295,https://github.com/mongodb/mongo-c-driver.git
e5899d4feafe4fb3af3fc1e71194bf92,https://github.com/mongodb/mongo.git
3a9eab36e4f046e4a3c40501c5a5e838,https://github.com/monkey/monkey.git
1c62e81f94ab47c0a5ec9cbfc404021b,https://github.com/mono/mono.git
fe9ef1e501904072916b0eafc214889e,https://github.com/mossmann/hackrf.git
387c9d66b4b643bebfd83e192b91b1db,https://github.com/mozilla/mozjpeg.git
fb9edf681fbf442a879e5b2806499129,https://github.com/mpv-player/mpv.git
3f898878659d46d3a123bfdeb4b928c9,https://github.com/mpx/lua-cjson.git
fbcf3411bb214578b9be65cf0efaaea6,https://github.com/mruby/mruby.git
5fd2b00f3d224a76b5907c08378345a0,https://github.com/msgpack/msgpack-c.git
ec80b04024d84423a70cab91bd862821,https://github.com/mstorsjo/fdk-aac.git
cb654d37f2af4a479d2dc12682124cae,https://github.com/msysgit/msysgit.git
cb0637f73d9f4bd38643a95fe3a20231,https://github.com/mupen64plus/mupen64plus-core.git
a79e7258174d4d039bd85fdf91ad5b4c,https://github.com/musescore/MuseScore.git
7597ab77f0e84875aa074095761f9a2f,https://github.com/MusicPlayerDaemon/libmpdclient.git
b5faf4ad1a7341e8a68ccd2cb32d0cc7,https://github.com/mvanderkolff/jbigkit-packaging.git
2132c74b785045ebb8257a8af80879ef,https://github.com/myriadrf/LimeSuite.git
24e5abe73dd344f1ae50dfc68be55734,https://github.com/mysensors/MySensors.git
f941bbeb66c0489f84301c885ab7214f,https://github.com/mysql/mysql-server.git
a912ba16169a494d9cecc1a6f7319be6,https://github.com/NagiosEnterprises/nagioscore.git
80d3fe5633764ceb9379ad75eeaa9bae,https://github.com/nanocurrency/nano-node.git
4c4c51b3ea834d5faf2cba45cc8c9971,https://github.com/nanomsg/nanomsg.git
190640f94c034a088dceb5e94be47412,https://github.com/nanopb/nanopb.git
c52b6254db834b59b01a393859313936,https://github.com/narzoul/DDrawCompat.git
9329c9ce7f284f8aa984c16e4bf7066c,https://github.com/nasa/osal.git
5d7136f343264d099b70fe0d355e2eb6,https://github.com/ncruces/dcraw.git
9553361c626a44bb97b1fb0646e36db7,https://github.com/Neargye/magic_enum.git
435bdc515740470098cb452e9947d464,https://github.com/ned14/nedmalloc.git
7495ccc3da12404dba24500575439b26,https://github.com/ned14/nedtries.git
77954589ca514f3aa78e1190d3efdd74,https://github.com/nemequ/lzo.git
317a3d5dbe4f44e8b320ddab55a0b0ec,https://github.com/nemtrif/utfcpp.git
0fe4a20216ca4dee871616e4cfbca14d,https://github.com/NervanaSystems/ngraph.git
abe18a9c83fe4433aedde7426f2a6b50,https://github.com/nesbox/giflib.git
9e19ad74277f46d8b15f1b725a9a47a7,https://github.com/net-snmp/net-snmp.git
3cf4ae52df8f40b3830acbce53ee4fcb,https://github.com/networkprotocol/yojimbo.git
f4b210a69d52452c8cf12e534654afd1,https://github.com/neurobin/MT7630E.git
843c7dbb39984801b000c8b6fb031aa5,https://github.com/newville/ifeffit.git
b4a1fbfb12a64b57bc925cd66553df82,https://github.com/nghttp2/nghttp2.git
dedd50c24c984a189047f5fc3d7cd372,https://github.com/nginx/nginx.git
a7233dfe6df84047adacd8f0fde8b0b4,https://github.com/nickbruun/hayai.git
874698316326493da8d441faed2bfca9,https://github.com/nigels-com/glew.git
f4b104e3a55846b2bee8e9c5a5d02a37,https://github.com/nih-at/libzip.git
ceae6b22e35a422b8d9cf4ffc156087e,https://github.com/nijel/enca.git
ac080d5813154fc1980f9ccd555824f6,https://github.com/niklasso/minisat.git
d34b1c7b747143308dfa97aebefa5c37,https://github.com/ninja-build/ninja.git
90a82b4ba2e24e419282cacb5f907b31,https://github.com/nkolban/ESP32_BLE_Arduino.git
4a4cadf85a6c4eaf8903466f4aac1a96,https://github.com/NLnetLabs/ldns.git
07b522c59b634c5ca386e3726272b269,https://github.com/NLnetLabs/unbound.git
b063e0ffc8b94d23858ce13ed4cd89a2,https://github.com/nlohmann/json.git
5f10e8d86d2d4b7485d944118063b8fc,https://github.com/nmslib/hnswlib.git
bf078879a6204bb986fc1b88a7974718,https://github.com/nodejs/http-parser.git
945e7afcd9bb414a9f60044b334d32a1,https://github.com/nodejs/node-gyp.git
4dbf62c12bba41099b4d270715fe506a,https://github.com/nodejs/node.git
014505d4b0364410a49b84ece99371e4,https://github.com/nodemcu/nodemcu-firmware.git
11d7a13e70fb489ba6b268e06029f279,https://github.com/notepad-plus-plus/notepad-plus-plus.git
3e95ab92f372467ea119c0c5a0655f0f,https://github.com/nothings/obbg.git
43374609c2634d77ae263de5f0129a43,https://github.com/nRF24/RF24.git
da2db8422a4a4cba90f5a4c361bfd0b8,https://github.com/ntop/n2n.git
3c3fb48e8a394def805c3315702a19ca,https://github.com/ntruchsess/arduino_uip.git
c63a9ceb758741b4b6fc115b44e68210,https://github.com/nu774/qaac.git
309eb0fc9add442a99596e41bb9fa7ec,https://github.com/numpy/numpy.git
193d115eca2c4f53998680c86a9bb984,https://github.com/NVIDIA/cutlass.git
dd20b12b0c144de0b9eabbeb09fac2e2,https://github.com/NVIDIA/nccl.git
762172d9d8614f159769346a1a563859,https://github.com/NVIDIA/thrust.git
92454cc522b74f83a5efa0af43437aec,https://github.com/NVIDIAGameWorks/PhysX-3.4.git
cf983d6ff3304eaba1cbc5cd818cb759,https://github.com/NVIDIAGameWorks/PhysX.git
8366641249e04f3a834dd365eb5dd4f5,https://github.com/obgm/libcoap.git
61a99ea669374c8a81cd5970fe84f086,https://github.com/objectcomputing/OpenDDS.git
728e6bc2114f4cf595b619e2cfec2770,https://github.com/ocornut/imgui.git
fec7122e78da48f5ab8db262d9a3df16,https://github.com/ofiwg/librdmacm.git
dfaa6259cfa3400783b72d56568e3563,https://github.com/ofTheo/ofxKinect.git
74070247e91f4c8fb274ce3a9cfec024,https://github.com/ogdf/ogdf.git
c98eee77f7e049bcaa09192bbbad6a72,https://github.com/OGRECave/ogre.git
7c7cacda37254c4692563f11c7382d60,https://github.com/OISF/libhtp.git
eb1d35c784ce4182b37826093c95a271,https://github.com/open-mpi/hwloc.git
8fdfaf79c95446e1a996454d445421e8,https://github.com/open-power/skiboot.git
940e17427a704eb3aa00df1b614366af,https://github.com/open-source-parsers/jsoncpp.git
825633c054844eceafc0aac3d1f434d0,https://github.com/OpenAMP/open-amp.git
d9befe4ea0f541558c77cb9817b73c6d,https://github.com/openbios/openbios.git
3dfa6ea9755140959cfce6de4ddf488c,https://github.com/opencontainers/runc.git
e4d4f982a8704136993b4bce9f51ce84,https://github.com/opencv/opencv.git
088e2835ce58424e92fd74804321450e,https://github.com/openframeworks/openFrameworks.git
380e3421ce434f5592a2eb6760a81f8e,https://github.com/OpenHMD/OpenHMD.git
24322f58cbe74ad4ab806a19d2bae93c,https://github.com/OpenImageIO/oiio.git
107c30b74178469092ed4f6951dd77ad,https://github.com/OpenKinect/libfreenect.git
e6860e63f5624f82afeeb4c18724fdc1,https://github.com/OpenMPT/openmpt.git
8217411bb41f44f4a41030e109070d7d,https://github.com/openMVG/openMVG.git
ee1e14d2b31f48118df613da144b1a5a,https://github.com/OpenNI/OpenNI.git
91c6d394182f4c1baa3fb9d63c86a854,https://github.com/openresty/echo-nginx-module.git
ca271ff42f894204bfda54bf1cc69893,https://github.com/openresty/headers-more-nginx-module.git
f1b00c8e95ca44cbbe2789da629a6506,https://github.com/openresty/lua-nginx-module.git
7ce008208cb3432fbabcff3ba0f9c6bc,https://github.com/openresty/luajit2.git
d407d74c5c0446f685fdb8bcdf7b4d59,https://github.com/openresty/redis2-nginx-module.git
4aba6a41be0c4ec3b83e72b2dad4f704,https://github.com/openresty/srcache-nginx-module.git
d2c1b1b1c9524d1790067368beb210bd,https://github.com/openscenegraph/OpenSceneGraph.git
cd2fa94c941e4f1fb321d76ccfb4e071,https://github.com/openssh/openssh-portable.git
1e3a419e8559420688db205cb3a4405b,https://github.com/openssl/openssl.git
cdd68f599131410da432445628414e7b,https://github.com/OpenVPN/openvpn.git
ed28c9f5eee045adb9fb942b05f5ace4,https://github.com/OpenVPN/openvpn3.git
be8c62a0b7e443b59c2aa8c03e2dc622,https://github.com/openvswitch/ovs.git
1a53eec0b50e4a81a78e07fd1a632ae7,https://github.com/openwrt/openwrt.git
39079dfcb85a427ebfe57db52a3172eb,https://github.com/openzfs/spl.git
9a9c2bdbe3d346c6bf226e20009f36d0,https://github.com/openzfs/zfs.git
4369cd700b244c05b4d58d9cd10571de,https://github.com/OpenZWave/open-zwave.git
c5da98a53fa0429e8182a735876fa220,https://github.com/Optiboot/optiboot.git
4a5311d778b8477b9dfc1b970a7ee124,https://github.com/orafce/orafce.git
b04c8cb5d77544709368924bda4d5b4e,https://github.com/Orc/discount.git
c9d5c903945247448eb367f00d932508,https://github.com/OSGeo/gdal.git
021442ccdce14a23b857766b58ebbb7f,https://github.com/OSGeo/PROJ.git
236906ef5dd746378408c141f57a6989,https://github.com/osmcode/libosmium.git
cd2c26bf1cb145c389902b510db2d51a,https://github.com/ossimlabs/ossim.git
239af1657f0f40838f6d9ff59daf103b,https://github.com/owncloud/client.git
84415ffb7ad24547a2580a558c43dad4,https://github.com/p0f/p0f.git
b0bc256d00f344a0a29529cfcec3e945,https://github.com/p12tic/libsimdpp.git
6fa0d382937648ee94d20b0cac0897cc,https://github.com/paceholder/nodeeditor.git
6fe7285f42ce41a9ad59b27a6e0b4b45,https://github.com/parlance/ctcdecode.git
7bfab7d494f6454c87e1980994616afa,https://github.com/patriciogonzalezvivo/glslViewer.git
67e4ba2d96984930a0b65320e81b61e5,https://github.com/PaulStoffregen/OneWire.git
f4f9bd8991cd4beaa39e307c639bbefa,https://github.com/pellepl/spiffs.git
0ca312b284264de0a62570c91bfd19d9,https://github.com/percona/percona-server.git
996d4e30cb21422fb7ef34d66b6c469f,https://github.com/percona/PerconaFT.git
9463d90c0ef64603ab1fcb064d5a3b5f,https://github.com/Perl/perl5.git
e003cc52cb43441ab8d5cf857cc17eb2,https://github.com/pezmaster31/bamtools.git
bbdea01f88e24bc4ba25ea2a52472577,https://github.com/pganalyze/libpg_query.git
a99a9404e2754eac85f7c4c727e15276,https://github.com/PhilipHazel/pcre2.git
28ca236996994143a112e257db32af26,https://github.com/php/php-src.git
3f2cecdcf97547c29bebb94f339ee7e6,https://github.com/pipacs/o2.git
e4441e2ebbee4d56bc664cd38a5a02d3,https://github.com/pjsip/pjproject.git
3e422218adbf46959ef01cb0e24bed07,https://github.com/plougher/squashfs-tools.git
27ce03e5c22f488295c2fd2449c694bd,https://github.com/plutinosoft/Platinum.git
062b35922286435ea1107e5c0cfbb17a,https://github.com/pmodels/mpich.git
a30673ef1017443c9d1b7be4433a3683,https://github.com/pocoproject/poco.git
ff4bdf5743814a1faeecc28fdc7f0eea,https://github.com/PortAudio/portaudio.git
2628324ec9594c4db18d463273c23d3b,https://github.com/postgres/postgres.git
ebe9c5bd390441e39de9d80aae864973,https://github.com/praat/praat.git
0a884fddec0245c28aa9afc4e0476831,https://github.com/premake/premake-core.git
b6a0303675b34da0bb4492a48f50d75f,https://github.com/ProgerXP/Notepad2e.git
595a7fd5209447aba6ab54ab71b3bd3d,https://github.com/project-chip/connectedhomeip.git
0604a41964b4469790d06d85c2fd44ef,https://github.com/Project-OSRM/osrm-backend.git
d779633313444bef8dbcc30878657fb9,https://github.com/project64/project64.git
a76eab596d00456fa12cace408dd8908,https://github.com/projectchrono/chrono.git
3eb05b7ca59e46f79a09528d317ef9c5,https://github.com/projectM-visualizer/projectm.git
8d9a0ad6f08845c0b34f51c3c3808ea7,https://github.com/protobuf-c/protobuf-c.git
01d87c71262b4fbba7abb887a5c46972,https://github.com/protocolbuffers/protobuf.git
488c39591bbe48c1b405632827b8e162,https://github.com/ptitSeb/gl4es.git
9855435a560c4d458dd33e8b96f0658d,https://github.com/pulseaudio/pulseaudio.git
8f89214f26954be996c3d2baa0372bba,https://github.com/pupnp/pupnp.git
8017914fa604419b99b5db0239822c37,https://github.com/pure-data/pure-data.git
de12075642b74527ac51bf72f14853c8,https://github.com/PX4/eigen.git
d851203383104caaac6ad74d4642c1f1,https://github.com/pybind/pybind11.git
bc8d3521b95b4f5aaef6ff63deab7c0a,https://github.com/pyca/bcrypt.git
f2e6c1dd3540461dacc26a9ce8b8695c,https://github.com/python/cpython.git
ba83ca1605c54f98be85d5e012d66557,https://github.com/qemu/qemu.git
e33fee6d832f441f81ad47e5da703de7,https://github.com/qhull/qhull.git
6bab11c8f8964ad182171d4ccb54d556,https://github.com/qt-creator/qt-creator.git
9d10e7bd108d4038b003bde57cd385a2,https://github.com/qt/qtbase.git
9a0bac9d71e541bf991479f566c4b382,https://github.com/QtExcel/QXlsx.git
a3bab8e8c6994a3190a4565a19e11738,https://github.com/Quagga/quagga.git
e346df5f569f40f397b4f66b077a0e7c,https://github.com/quickfix/quickfix.git
7d803ff07f5c4e5ea9aa14646b3a21fd,https://github.com/RainerKuemmerle/g2o.git
82d0772064e643bcba5c7900735f9515,https://github.com/randombit/botan.git
abc279afe6ea482891edb503003ec94d,https://github.com/rapid7/meterpreter.git
9c3625f8d59c40b8884670d163fc29f0,https://github.com/raysan5/raylib.git
d836eba418824eedb917b4e994241f14,https://github.com/rd235/libslirp.git
4309657830f6430eb6081e3ed9bbecc9,https://github.com/reales/OB-Xd.git
f6d602582451458ab201c3b7b7f3a563,https://github.com/recastnavigation/recastnavigation.git
2209483071664125a14bf8d5cbc4ac72,https://github.com/redis/hiredis.git
6367f7f6f9df406599bf5182e067cafb,https://github.com/redis/redis.git
34029da2b4e041838d636acdae7db72a,https://github.com/relan/exfat.git
61cd1f5efff44ac4a98875d1a5eb1137,https://github.com/relic-toolkit/relic.git
15a0ebdec8334953b15eeac2282dc4f1,https://github.com/rescrv/HyperLevelDB.git
1d168a113a294f3b8ab9aed2e4631c0f,https://github.com/resilar/sqleet.git
a8a01cbfd2a340f2b04941b26eddc7ee,https://github.com/rhash/RHash.git
b75039d7374e4f23ae6bf88aa60e0c80,https://github.com/rhboot/grub2.git
b66764d5c2bb48658108a66ea518af16,https://github.com/richgel999/miniz.git
c2b36d9dad2e49329448dc83c5d54066,https://github.com/rizonesoft/Notepad3.git
6b82bb2dd86b4f7394914b6baa9e144b,https://github.com/RoaringBitmap/CRoaring.git
c223169e87e6410ebc79ac6d4e3faafe,https://github.com/roboticslibrary/xz.git
7a1b74a30ac34b8fac365ea93cb856f4,https://github.com/RobotLocomotion/drake.git
92534eafaffa44a79c615c8101e8de1d,https://github.com/rockchip-linux/kernel.git
7952baac898043c28b335c21d8ec8bdf,https://github.com/rocky/remake.git
8c49f49460754b56ad926e0ce289c193,https://github.com/root-project/cling.git
69c67e2c117841ad869538d66a3d965b,https://github.com/ros-perception/perception_pcl.git
43335632f3f74ab2b370499848ef84c5,https://github.com/ros-planning/moveit.git
b8ba8cc2d5b24b458842265db0f1a5e6,https://github.com/rose-compiler/rose.git
354adb8c4b07439894e1eb641be29809,https://github.com/royhills/arp-scan.git
c68ea6fa948e472391e26f277613ae59,https://github.com/rpclib/rpclib.git
ad045c47769c47c19e345193d04160be,https://github.com/rpm-software-management/rpm.git
c42770ed289f463783617719f111a20a,https://github.com/rsdoiel/antiword.git
9d0c693c70de4c88b55ac4a2ca34abec,https://github.com/rsta2/uspi.git
419f3ab6215b4ba5b662abc2e3f46d55,https://github.com/RT-Thread/rt-thread.git
3ec9e0eef63741929f945d12e104b70f,https://github.com/rttrorg/rttr.git
589d7e3598014c0796c955a6fb934b48,https://github.com/ruben2020/codequery.git
a33d52b268d145fb912bd9c725ab5f89,https://github.com/ruby/psych.git
30e2958399f546508761ca977628597b,https://github.com/runtimejs/runtime.git
02b599cbf2294a14a8452b33ad288b7e,https://github.com/s-yata/marisa-trie.git
f808ca33371d49c2947ae8b3caa6d5a3,https://github.com/sabrogden/Ditto.git
0669799969424088a00c4b0c32082cbd,https://github.com/sammycage/lunasvg.git
4821884025e64664a9f54cfb13ddc2d8,https://github.com/Samsung/rlottie.git
58ff98839f334d9bb4c98afdfa9ba742,https://github.com/samtools/htslib.git
e1c26b2baffc4fc28b108da6e594fa2c,https://github.com/samtools/samtools.git
01dd32253b62414db4fb18b7c1858f52,https://github.com/SamyPesse/devos.git
d009b4078c9d48a7883dc8dace0ed2c6,https://github.com/sass/libsass.git
c4bd7546195f4352b27d1ea11da208ac,https://github.com/schweikert/fping.git
d7d01117f532431a9da9272d38ab52bc,https://github.com/scipy/scipy.git
15f8a7d0776d4c32b11f68b82bb9668c,https://github.com/SciresM/hactool.git
d91b55305644441c81a8b4c5cc12406a,https://github.com/sctplab/usrsctp.git
53e8da5e17e74c6eb0ca8cfc5d9f7905,https://github.com/seanmiddleditch/libtelnet.git
c1486de1e7eb4d8f8cdd9a637459b73d,https://github.com/SELinuxProject/selinux.git
5a1e974241b94f3694b605a0314188dc,https://github.com/septag/sx.git
787cd085e1cf47479e318f755ddad143,https://github.com/seqan/seqan.git
ec0d5cadd5844162a56dd46dd70de5fd,https://github.com/Serasidis/STM32_HID_Bootloader.git
4f32eeb7e2ec4d1985855c83c0fc7c24,https://github.com/SergiusTheBest/plog.git
938e0a68c0754fa0875eac0363360a72,https://github.com/sewenew/redis-plus-plus.git
9407270da8ba498c9479916a6a49cb5c,https://github.com/SFML/SFML.git
0cc4b0eba72a4b2295cd59beaf2b007c,https://github.com/shadowsocks/shadowsocks-libev.git
fee47d3c0b684168bf2e54ed5c5e3074,https://github.com/shumatech/BOSSA.git
bf38a1db930e420a93ff496b26ca5f71,https://github.com/sifive/freedom-e-sdk.git
65dff52388c144bba1bef8e8b3e1e03a,https://github.com/signal11/hidapi.git
d209cbb709a745558a506c05b6b6fe40,https://github.com/signalwire/freeswitch.git
6274591d176445c1ac56ff1a725155e1,https://github.com/silentbicycle/theft.git
d0364832982741289c8b102531b6a838,https://github.com/silnrsi/graphite.git
f613753efbdf493e99bb04f4edc69c44,https://github.com/simd-everywhere/simde.git
299e40583c1b4c4e927569b7ef4fc929,https://github.com/simdjson/simdjson.git
fdc18627d04243d68830518ec4dc38b0,https://github.com/Simsys/qhexedit2.git
c46f971fd7e741c1909cc9c2bc73e815,https://github.com/sisong/lzma.git
94b2730c86954267a53ec5bf33cf1240,https://github.com/skvadrik/re2c.git
42edd3aeedb74e1c8b6b7eb21e1c715e,https://github.com/skypjack/entt.git
bd6db04dfa0141cab1b1e3fef9f07f89,https://github.com/slact/nchan.git
7cab26ae594f4e3fb4a83345ef391042,https://github.com/sleuthkit/sleuthkit.git
78a3f9d607bb40c9ba731d2a6e8cc4ae,https://github.com/snes9xgit/snes9x.git
17ba6ee9b5bf446a81585bbefa051374,https://github.com/snowballstem/snowball.git
a14f1b73cdcd4766ae8118b2f032f8c3,https://github.com/snowie2000/mactype.git
978143f4458d4bb7ac9f738dad59a094,https://github.com/SOCI/soci.git
fbc60fbdf11c4f97a972c23e0a8ab5a8,https://github.com/sofa-framework/sofa.git
7f73f3abfcbc4f44900e89231e1d9c69,https://github.com/sparsehash/sparsehash.git
d531d44ddf8548228b9457cd6811e76d,https://github.com/SpenceKonde/ATTinyCore.git
604ae2af16d142ba809bac80a75ee853,https://github.com/spitbol/x64.git
b87564fb20b04ed1805e08f626e76836,https://github.com/spotify/sparkey.git
13d1ba99f52a4dfd89b6f5a46b480735,https://github.com/sqlcipher/sqlcipher.git
782f163e5a74474f99967ff440bdd4ad,https://github.com/sqlite/sqlite.git
120e50403eb4433faa8be1629fd3158a,https://github.com/SRombauts/SQLiteCpp.git
9bc866503053405ba58edb4adad8988e,https://github.com/SSSD/sssd.git
43f19d349d5c47c299e26706cbbf217e,https://github.com/stachenov/quazip.git
0380298e103b44868e46236f06cbf30a,https://github.com/stan-dev/math.git
2584f73af2c04e2f88a8d26004ab8517,https://github.com/stepmania/stepmania.git
2d905a39de7143e59ed4398beb0174be,https://github.com/stevengj/nlopt.git
606e2814415640ea8abdc8cc9769e7b0,https://github.com/Stichting-MINIX-Research-Foundation/minix.git
bc3b7d0de9cb42698a59d1408ff03af2,https://github.com/STMicroelectronics/STM32CubeF4.git
e00136dd239c4117b538f365f2ee1f26,https://github.com/strace/strace.git
8f5c0f18069c406ebe894366aa0b0d67,https://github.com/strukturag/libde265.git
106de613a6af449bbf6328e29b373d87,https://github.com/stump/libsmf.git
d89a11d36d814384b3f211ce17169ef6,https://github.com/svaarala/duktape-releases.git
c1c9db723e0d4640965ebab4cc475987,https://github.com/swaywm/swaylock.git
9bd713efc84a44ea9eaa0cfe3ca732f7,https://github.com/swig/swig.git
b2b71517551b42e6b1355d6be8988a2f,https://github.com/syoyo/tinyexr.git
fa52dc49ebef4d619fd8b6910a7dce5b,https://github.com/syoyo/tinygltf.git
20ccfdbac36345c3a72c28410716e5e1,https://github.com/systemd/systemd.git
3920623cdbd74988a5f7e1998acc1439,https://github.com/taglib/taglib.git
cb22cbf9fe6547ccb87521ec49a52c17,https://github.com/taocpp/PEGTL.git
f90f08a77e6641fa9639b78c7635f5fc,https://github.com/Tarsnap/scrypt.git
9d83749c094f4382875b972d4c97dc24,https://github.com/tass-belgium/picotcp.git
e88e9bb7f7d54bb091f0d18537d2606d,https://github.com/TASVideos/desmume.git
2daba99e21954a38bd1b721958bc0a3f,https://github.com/tatsuhiro-t/wslay.git
0dc58746a5b84f76859ae6f6f13b9c07,https://github.com/tboox/tbox.git
a66d8f849a364e07878aad55ee5a615f,https://github.com/tcltk/tcl.git
e5f340e0d7d4415fbbd2fa717573a946,https://github.com/technion/libscrypt.git
47e52b5d8d36408b80cc36701216163f,https://github.com/TechSmith/mp4v2.git
63fc26f7e37041d7a4a2c5ac1fada800,https://github.com/teeworlds/teeworlds.git
2941eaa79352415caf64e617261c94db,https://github.com/Tencent/MMKV.git
f285f6e56b9f45f1857665086da2c6ca,https://github.com/Tencent/ncnn.git
6fdda7f5b45045f8aa99c5257da79e4e,https://github.com/Tencent/rapidjson.git
012197c3c5d6448a82f229b9320ff460,https://github.com/tensorflow/tensorflow.git
ef80ce6a9e7647f1bd54f282f7ae96ea,https://github.com/tesseract-ocr/tesseract.git
4431584cdbb147e6bcfa34b6be8e6cc6,https://github.com/Tessil/robin-map.git
4ef3960ab25d4efcb688d1992914d022,https://github.com/tevador/RandomX.git
4c0b2babdc1741378084b687f0978e04,https://github.com/texstudio-org/texstudio.git
9a008319405b410e8ae993b47f519236,https://github.com/Thalhammer/jwt-cpp.git
f67d7b9a156e42e7a4b7ad3b3274da98,https://github.com/the-tcpdump-group/libpcap.git
abb5c690bf314fbe813f5302f70ade44,https://github.com/the-tcpdump-group/tcpdump.git
0e1bf89f397743bf9e2e562d43e224bd,https://github.com/thestk/rtaudio.git
764d8df330e04a99a2228b23d6f0ccd0,https://github.com/thestk/stk.git
1b2edbe3109542f1a9cd3c82104283ff,https://github.com/ThingPulse/esp8266-oled-ssd1306.git
59f8091f06ab442d924d7dc4a885c631,https://github.com/thom311/libnl.git
234675d9680c40bc94788869695bf216,https://github.com/ThrowTheSwitch/Unity.git
e187f6c50dd44b398bf740d3bf42ae5c,https://github.com/TigerVNC/tigervnc.git
fb9d288873744ab4823d092cf81baee1,https://github.com/tindy2013/subconverter.git
32a9a06149f94077a104f799cccaaa56,https://github.com/tinyobjloader/tinyobjloader.git
82639f1e7b23434d82ef1b3ad7e5f31d,https://github.com/tmux/tmux.git
c3059b9d9e874692b529c7afb9784cde,https://github.com/torproject/tor.git
a8d9fd03752a4cc4b1ea164f2dcc4d88,https://github.com/torvalds/linux.git
a02fe7e931ea4e56860f9833470f52dd,https://github.com/tplgy/cppcodec.git
bd200c2aaa7448a29568b57b9dd40045,https://github.com/TrinityCore/TrinityCore.git
31f1e9a6aa61439ba44be0ddc081a6c9,https://github.com/tristanpenman/valijson.git
d90c68cc07d64bda8aca4bc0cbe25fd1,https://github.com/tronkko/dirent.git
998accd9bdc24a0b8277d935b1892244,https://github.com/troydhanson/uthash.git
68f8218eb8f041a3b740f7ed5ab1ea6a,https://github.com/TsudaKageyu/minhook.git
71bfa6a6200b41e8a458272cf092c360,https://github.com/twitter-forks/mysql.git
80f3ed690b49479496e21a12bdb2f50d,https://github.com/tytso/pwgen.git
357c0f7fc67e4552ba8f4f04ce74fd04,https://github.com/u-boot/u-boot.git
3ea59c9e2e524cc09929e3ce8d8f8a0c,https://github.com/UAVCAN/libuavcan.git
fe905170a2e9401690e724b0a1a7d1c5,https://github.com/uclouvain/openjpeg.git
14ababef06c04ba5a7186ffde077daf4,https://github.com/uNetworking/uWebSockets.git
61f4bfd400f7478fa2b732513fbff025,https://github.com/unicode-org/icu.git
6c54cbea7521489dac262f289b5897ca,https://github.com/Unidata/netcdf-c.git
533eb699ff4848f1926ec6f59cc645f3,https://github.com/unittest-cpp/unittest-cpp.git
6a46f272abd24d7fa952a07762e4ab79,https://github.com/universal-ctags/ctags.git
732a80a64fc34b1cb5388006c71d087f,https://github.com/uroni/urbackup_backend.git
1b855db12b3c424aa31f6abfffc905dc,https://github.com/USCiLab/cereal.git
2453cee2ac6c46568e4f8819c0a90f61,https://github.com/v8/v8.git
54c48a395c3c48369a6aed4d3f430ff1,https://github.com/vadz/libtiff.git
e5937c88761a4ff7a7fd44522e411479,https://github.com/vanhoefm/fragattacks.git
74e5ddee43e34eb6802f52355a66c97f,https://github.com/VcDevel/Vc.git
93b91a4f227342ffb8cb31af5d0a5d72,https://github.com/vectorgraphics/asymptote.git
a0b8e5a7a9b645ea982004d7b1df95db,https://github.com/vgmstream/vgmstream.git
35e5cd6a166843fab763437bfaf2c9e9,https://github.com/videolan/vlc.git
52e31ead814d49a6a6feeff0f2e835bc,https://github.com/vim/vim.git
06d2a7ebe55a4bb3a823a1fb46f01d8a,https://github.com/vinniefalco/LuaBridge.git
bf289ddef3ba4c289dc9c445289be1d5,https://github.com/VirusTotal/yara.git
c91ea4d68da14df0b686a6d97479bd7a,https://github.com/vision5/ngx_devel_kit.git
3a58c8a11c7d47bf88260210a8005ca2,https://github.com/visualboyadvance-m/visualboyadvance-m.git
14e85ea273c9451ebd3efc17f32a7ff9,https://github.com/vlfeat/vlfeat.git
9e42b3adb92d4ae18d1f62c487240b72,https://github.com/vlm/asn1c.git
0ff498ee21d84a73ab3c537a84b62eec,https://github.com/vmt/udis86.git
5098eb66fd1e41aaaf94717c8509a6e4,https://github.com/vstakhov/libucl.git
5f8e2f8fc42d4690a87392f571678232,https://github.com/wandenberg/nginx-push-stream-module.git
3628a31197df4b7aaf5775f7802d76a3,https://github.com/warmcat/libwebsockets.git
e132aaa500fa41cf81e499cb93a53abc,https://github.com/WayneD/rsync.git
34fcfc7b7b9643e0a9adb2fd06e62ce8,https://github.com/wdas/ptex.git
e5624abf3f284d209b078cb71fa1e466,https://github.com/WebAssembly/wabt.git
fe82a2a47bd24ed6abf3767c8e5f3d56,https://github.com/webmproject/libvpx.git
e9036bf954654241a9b21be35cc69ab8,https://github.com/webmproject/libwebp.git
5dfc40b8ff69413bbe182dbc6482d0e6,https://github.com/websnarf/bstrlib.git
7d00f78fc9bb4951abdbde9f18df45f9,https://github.com/weidai11/cryptopp.git
28de0bc30292416680c08e6892191d71,https://github.com/wereturtle/ghostwriter.git
f5d04c90c28a42ef83d48ff7eb0228ba,https://github.com/westes/flex.git
e6cc177c95ca4b00a607d8047726ca6c,https://github.com/wg/wrk.git
777a7934861e45b6aed2a5f796079da4,https://github.com/wgois/OIS.git
8e9dc184faec4c5598a86504b459c58a,https://github.com/whoshuu/cpr.git
d0411be1154e42adb9199ce8b41094c6,https://github.com/wine-mirror/wine.git
043f140c19844a749fcd47b5474eb677,https://github.com/winlibs/libbzip2.git
fbf47520de6b4848bb63d87cc8f46219,https://github.com/wjakob/tbb.git
b69960eb811a4734b9bd73bd69102f2b,https://github.com/wjwwood/serial.git
47f0d745c74848d59fa5be48c6866732,https://github.com/wmcbrine/PDCurses.git
87213c91efda43728cd6b9765331ad26,https://github.com/wolfpld/tracy.git
b45c6c827c9440a5b6fcff09221dcff7,https://github.com/wolfSSL/wolfssl.git
08abaf2abe4543fe9272491f62c22ad9,https://github.com/wren-lang/wren.git
3d0e921240cb4a9b846e5bd0bfceec18,https://github.com/wxWidgets/wxWidgets.git
63bbd115888d48e6ae24295ce1bc9f2b,https://github.com/xapian/xapian.git
4748761a94874828a6028ba6da70589b,https://github.com/xbmc/xbmc.git
27fd3058c55144da877f807433b3adad,https://github.com/xen-project/xen.git
c1e7573ce0ca4fed878b0f8e037bb8bb,https://github.com/XhmikosR/notepad2-mod.git
6bf6a81ebf7b40d9a110d985aaecf173,https://github.com/Xilinx/linux-xlnx.git
e4f0ccc1ae2b42c99e1f581c7d6cc641,https://github.com/xiph/flac.git
0a511fb72cd94bac9229a06913aadf35,https://github.com/xiph/opus.git
6e713c75437f4f6aa25420cc024f4488,https://github.com/xiph/speex.git
7ddc23b89bc74a54b311530fa154a098,https://github.com/xiph/speexdsp.git
86cc4b8b5d024e2f8d82e1dddcec193b,https://github.com/xiph/vorbis.git
5989be3d02364626a4b54d07ebbfb990,https://github.com/xkbcommon/libxkbcommon.git
95462b28338c45c98ca86e4842d33c2a,https://github.com/xmrig/xmrig.git
12a3e7fecc164dfcb96e272697b891bc,https://github.com/xplc/xplc.git
cde366007ca3428587da96fae2072ca5,https://github.com/XQuartz/xorg-server.git
8028af6b73744e58b916e67ea3f2330f,https://github.com/xwax/xwax.git
187006d2a6c04ab59b275f5d591460dd,https://github.com/xz-mirror/xz.git
bd05721bc20c4f15816504a906988839,https://github.com/yaml/libyaml.git
94b89ed5f3024ef082ec515c31944104,https://github.com/yanyiwu/cppjieba.git
f7fde54c634c4f8fa86c1f5829ce0493,https://github.com/yasm/yasm.git
b7d7b1067e084ec88a31eae923fda065,https://github.com/ycjuan/libffm.git
ebc94d6a3fb14bf48197c607dbef7ef7,https://github.com/yhirose/cpp-httplib.git
850cb805142f4c3c89d64b22512e5404,https://github.com/yhirose/cpp-peglib.git
41933cb6e72a4666aa6a4bea25a11b1c,https://github.com/yixia/librtmp.git
9e576068e90244899008d3a3878c3eb6,https://github.com/yixuan/spectra.git
f6b656b19ecf47c9a372746718e12ae6,https://github.com/YosysHQ/yosys.git
4efa7fc0041d478aa2681f623a7c5d87,https://github.com/Yubico/libu2f-host.git
65dc431b3b9446328efb3a7ab010cbb9,https://github.com/Yubico/yubikey-personalization.git
f961d98fe49d4832a4b229ea81bc7dcd,https://github.com/yuzu-emu/mbedtls.git
6c9a76f3b50e4f5c804df5c613860e17,https://github.com/zaphoyd/websocketpp.git
e539808aa45a4633809a0c78f2be75de,https://github.com/ZBar/ZBar.git
4082aefc170a4e85ae70048444439a6c,https://github.com/zcash/zcash.git
7fb044473bc8484f83f7699fa7e049e4,https://github.com/ZerBea/hcxdumptool.git
8f53ba0e595348308d45d2fe78cae91c,https://github.com/ZerBea/hcxtools.git
85e5d2105b3648d08fa1baa134f409aa,https://github.com/zeromq/libzmq.git
fec382f6860f402996db51192f8526e3,https://github.com/zeromq/zmqpp.git
92f815ce0bc442408520a5f4172daab7,https://github.com/zeux/meshoptimizer.git
b64545b906954fcabf30cf77a44b7fe0,https://github.com/zeux/pugixml.git
9ae4924e176846fa8095ae9244436e78,https://github.com/zhllxt/asio2.git
119750e591604137ae64daf5259f9e7c,https://github.com/ZipArchive/ZipArchive.git
78c12d13a6de4ca2a3b6566c1f47dcaa,https://github.com/zlib-ng/minizip-ng.git
eb882f6b09414da283b0bf26683a1633,https://github.com/zserge/jsmn.git
c1fe80deee144133bac4fcb7ff735095,https://github.com/zsh-users/zsh.git
a54ac11cf71d4eb9bdb9e72830ce119f,https://github.com/zsummer/log4z.git
abeaea59b7444afdad9f4eeabbfecbe0,https://github.com/zufuliu/notepad2.git
ea06dcab3ef24bebb19ab05edc40e952,https://gitlab.com/higan/higan.git
8653255b100242b3bb5b9622ede29d30,https://gitlab.com/inkscape/inkscape.git
68e02e5f670a432bab3e6fd2455ed77c,https://gitlab.com/libeigen/eigen.git
9d38d0590d844e0fbe1fec2368478c6f,https://gitlab.com/muttmua/mutt.git
927823d303554e55929dcacbf958d37e,https://gitlab.com/ocserv/ocserv.git
2e182c12bdc545e6be21f7d3a6734e6e,https://gitlab.com/tortoisegit/apr.git
6ef6862f94e542fca870f768dd53d4b5,https://gitlab.gnome.org/GNOME/gnome-applets.git
2101971af5d24a69b8323d99944b3f9f,https://gitlab.gnome.org/GNOME/gnome-settings-daemon.git
48d23751287645ff99cc2cac2d76fa30,https://salsa.debian.org/cryptocoin-team/libsecp256k1.git
dbd157cf6a204c039a287c1e368bd4b6,https://salsa.debian.org/debian-astro-team/cfitsio.git
2b9576dcc6d84827b44ce24d98b038ec,https://salsa.debian.org/debian/cflow.git
763b61b85dd44c179b46dbbc871adb20,https://salsa.debian.org/debian/dash.git
11fac0ea78c74565ac27c589d515e825,https://salsa.debian.org/debian/djbdns.git
1e5c6396513047b2b26c73a7f702a718,https://salsa.debian.org/debian/icoutils.git
b995513c38f84cfaad263729b7afb0ec,https://salsa.debian.org/debian/libidn2.git
6e9901b52b9e45059a2bd1bc8f4dcf34,https://salsa.debian.org/debian/liboping.git
7f2ce7c84a374e688ead45d52f55f166,https://salsa.debian.org/debian/scite.git
0db39fa0dd5c4452aa24558826ce9c3d,https://salsa.debian.org/games-team/openarena.git
3199cc1e550648a4818acd437421744e,https://salsa.debian.org/gnome-team/libcroco.git
a9d7c79a6ccf4fa7abbe24492837831d,https://salsa.debian.org/ha-team/heartbeat.git
139f1063f1cb4d0ea5120414c98866ad,https://salsa.debian.org/hpc-team/opa-ff.git
a54573bcb70e49d58eb2ae6c37fcf32b,https://salsa.debian.org/jamessan/libvterm.git
ba6bc12790854fc4ac8d023e94130434,https://salsa.debian.org/libreoffice-team/document-liberation/libwpd.git
ab54c29c7efe46c7b5c6412904db5e75,https://salsa.debian.org/lynx-team/lynx.git
b630d0900cc34f37a225a49a8de59d36,https://salsa.debian.org/miniupnp-team/miniupnpc.git
c77893e6f99f4e809a83a07d141bfe6c,https://salsa.debian.org/multimedia-team/audiofile.git
ee03c2c8d6114e7bb466904a0ff98326,https://salsa.debian.org/pkg-security-team/steghide.git
1be59cf4f6f547b0b93576c62c9e57a7,https://salsa.debian.org/samba-team/cifs-utils.git
d26492e967d74fca8be20da38054b359,https://salsa.debian.org/selinux-team/policycoreutils.git
8d15a3e1714c42ae9263f5ba5ac01088,https://salsa.debian.org/xorg-team/lib/mesa.git
c9c39614cb17478a99f05129608c23a5,https://sourceware.org/git/bzip2.git